case_id,observed_label,rule_verdict,rule_type,rule_text,initial_distance_to_obstacle,initial_speed,obstacle_radius,initial_heading_error,obstacle_speed,obstacle_heading,cf_variable,cf_original_value,cf_perturbed_value,cf_l1_distance,cf_flips_verdict
0,Pass,Fail,fail,(obstacle_heading <= 0.2668 AND initial_heading_error <= 1.0664) OR (obstacle_heading <= 0.2668 AND initial_heading_error > 1.0664) OR (obstacle_heading > 0.2668 AND initial_heading_error > -0.9853),1.585080,1.594088,0.591771,1.739041,0.914653,2.904872,initial_heading_error,1.739041,-0.986300,2.725341,True
2,Pass,Fail,fail,(obstacle_heading <= 0.2668 AND initial_heading_error <= 1.0664) OR (obstacle_heading <= 0.2668 AND initial_heading_error > 1.0664) OR (obstacle_heading > 0.2668 AND initial_heading_error > -0.9853),1.577069,1.012001,0.774090,-1.801722,0.113577,-0.018331,obstacle_heading,-0.018331,0.267800,0.286131,True
2,Pass,Fail,fail,(obstacle_heading <= 0.2668 AND initial_heading_error <= 1.0664) OR (obstacle_heading <= 0.2668 AND initial_heading_error > 1.0664) OR (obstacle_heading > 0.2668 AND initial_heading_error > -0.9853),1.577069,1.012001,0.774090,-1.801722,0.113577,-0.018331,obstacle_heading,-0.018331,0.267800,0.286131,True
2,Pass,Fail,fail,(obstacle_heading <= 0.2668 AND initial_heading_error <= 1.0664) OR (obstacle_heading <= 0.2668 AND initial_heading_error > 1.0664) OR (obstacle_heading > 0.2668 AND initial_heading_error > -0.9853),1.577069,1.012001,0.774090,-1.801722,0.113577,-0.018331,obstacle_heading,-0.018331,0.267800,0.286131,True
4,Pass,Fail,fail,(obstacle_heading <= 0.2668 AND initial_heading_error <= 1.0664) OR (obstacle_heading <= 0.2668 AND initial_heading_error > 1.0664) OR (obstacle_heading > 0.2668 AND initial_heading_error > -0.9853),1.011483,1.818411,0.375133,-1.398344,0.781913,-1.352985,obstacle_heading,-1.352985,0.267800,1.620785,True
4,Pass,Fail,fail,(obstacle_heading <= 0.2668 AND initial_heading_error <= 1.0664) OR (obstacle_heading <= 0.2668 AND initial_heading_error > 1.0664) OR (obstacle_heading > 0.2668 AND initial_heading_error > -0.9853),1.011483,1.818411,0.375133,-1.398344,0.781913,-1.352985,obstacle_heading,-1.352985,0.267800,1.620785,True
4,Pass,Fail,fail,(obstacle_heading <= 0.2668 AND initial_heading_error <= 1.0664) OR (obstacle_heading <= 0.2668 AND initial_heading_error > 1.0664) OR (obstacle_heading > 0.2668 AND initial_heading_error > -0.9853),1.011483,1.818411,0.375133,-1.398344,0.781913,-1.352985,obstacle_heading,-1.352985,0.267800,1.620785,True
5,Pass,Fail,fail,(obstacle_heading <= 0.2668 AND initial_heading_error <= 1.0664) OR (obstacle_heading <= 0.2668 AND initial_heading_error > 1.0664) OR (obstacle_heading > 0.2668 AND initial_heading_error > -0.9853),2.043228,2.475002,0.765457,-0.648020,0.522959,-1.961061,initial_heading_error,-0.648020,-0.986300,0.338280,False
5,Pass,Fail,fail,(obstacle_heading <= 0.2668 AND initial_heading_error <= 1.0664) OR (obstacle_heading <= 0.2668 AND initial_heading_error > 1.0664) OR (obstacle_heading > 0.2668 AND initial_heading_error > -0.9853),2.043228,2.475002,0.765457,-0.648020,0.522959,-1.961061,initial_heading_error,-0.648020,1.067400,1.715420,False
5,Pass,Fail,fail,(obstacle_heading <= 0.2668 AND initial_heading_error <= 1.0664) OR (obstacle_heading <= 0.2668 AND initial_heading_error > 1.0664) OR (obstacle_heading > 0.2668 AND initial_heading_error > -0.9853),2.043228,2.475002,0.765457,-0.648020,0.522959,-1.961061,initial_heading_error,-0.648020,1.067400,1.715420,False
7,Pass,Fail,fail,(obstacle_heading <= 0.2668 AND initial_heading_error <= 1.0664) OR (obstacle_heading <= 0.2668 AND initial_heading_error > 1.0664) OR (obstacle_heading > 0.2668 AND initial_heading_error > -0.9853),2.789261,1.788020,0.634157,-0.736733,1.162114,2.508301,initial_heading_error,-0.736733,-0.986300,0.249567,True
10,Pass,Fail,fail,(obstacle_heading <= 0.2668 AND initial_heading_error <= 1.0664) OR (obstacle_heading <= 0.2668 AND initial_heading_error > 1.0664) OR (obstacle_heading > 0.2668 AND initial_heading_error > -0.9853),1.626796,1.496982,0.586876,-0.462672,0.107440,-2.110891,initial_heading_error,-0.462672,-0.986300,0.523628,False
10,Pass,Fail,fail,(obstacle_heading <= 0.2668 AND initial_heading_error <= 1.0664) OR (obstacle_heading <= 0.2668 AND initial_heading_error > 1.0664) OR (obstacle_heading > 0.2668 AND initial_heading_error > -0.9853),1.626796,1.496982,0.586876,-0.462672,0.107440,-2.110891,initial_heading_error,-0.462672,1.067400,1.530072,False
10,Pass,Fail,fail,(obstacle_heading <= 0.2668 AND initial_heading_error <= 1.0664) OR (obstacle_heading <= 0.2668 AND initial_heading_error > 1.0664) OR (obstacle_heading > 0.2668 AND initial_heading_error > -0.9853),1.626796,1.496982,0.586876,-0.462672,0.107440,-2.110891,initial_heading_error,-0.462672,1.067400,1.530072,False
11,Pass,Fail,fail,(obstacle_heading <= 0.2668 AND initial_heading_error <= 1.0664) OR (obstacle_heading <= 0.2668 AND initial_heading_error > 1.0664) OR (obstacle_heading > 0.2668 AND initial_heading_error > -0.9853),2.448177,0.820437,0.683011,-0.047537,0.241869,-0.373848,obstacle_heading,-0.373848,0.267800,0.641648,False
11,Pass,Fail,fail,(obstacle_heading <= 0.2668 AND initial_heading_error <= 1.0664) OR (obstacle_heading <= 0.2668 AND initial_heading_error > 1.0664) OR (obstacle_heading > 0.2668 AND initial_heading_error > -0.9853),2.448177,0.820437,0.683011,-0.047537,0.241869,-0.373848,obstacle_heading,-0.373848,0.267800,0.641648,False
11,Pass,Fail,fail,(obstacle_heading <= 0.2668 AND initial_heading_error <= 1.0664) OR (obstacle_heading <= 0.2668 AND initial_heading_error > 1.0664) OR (obstacle_heading > 0.2668 AND initial_heading_error > -0.9853),2.448177,0.820437,0.683011,-0.047537,0.241869,-0.373848,obstacle_heading,-0.373848,0.267800,0.641648,False
14,Pass,Fail,fail,(obstacle_heading <= 0.2668 AND initial_heading_error <= 1.0664) OR (obstacle_heading <= 0.2668 AND initial_heading_error > 1.0664) OR (obstacle_heading > 0.2668 AND initial_heading_error > -0.9853),1.492523,0.255723,0.606992,-1.919850,0.488483,-2.065987,obstacle_heading,-2.065987,0.267800,2.333787,True
14,Pass,Fail,fail,(obstacle_heading <= 0.2668 AND initial_heading_error <= 1.0664) OR (obstacle_heading <= 0.2668 AND initial_heading_error > 1.0664) OR (obstacle_heading > 0.2668 AND initial_heading_error > -0.9853),1.492523,0.255723,0.606992,-1.919850,0.488483,-2.065987,obstacle_heading,-2.065987,0.267800,2.333787,True
14,Pass,Fail,fail,(obstacle_heading <= 0.2668 AND initial_heading_error <= 1.0664) OR (obstacle_heading <= 0.2668 AND initial_heading_error > 1.0664) OR (obstacle_heading > 0.2668 AND initial_heading_error > -0.9853),1.492523,0.255723,0.606992,-1.919850,0.488483,-2.065987,obstacle_heading,-2.065987,0.267800,2.333787,True
15,Pass,Fail,fail,(obstacle_heading <= 0.2668 AND initial_heading_error <= 1.0664) OR (obstacle_heading <= 0.2668 AND initial_heading_error > 1.0664) OR (obstacle_heading > 0.2668 AND initial_heading_error > -0.9853),2.994431,2.229470,0.826020,2.938396,0.465409,-2.866275,initial_heading_error,2.938396,1.065400,1.872996,False
15,Pass,Fail,fail,(obstacle_heading <= 0.2668 AND initial_heading_error <= 1.0664) OR (obstacle_heading <= 0.2668 AND initial_heading_error > 1.0664) OR (obstacle_heading > 0.2668 AND initial_heading_error > -0.9853),2.994431,2.229470,0.826020,2.938396,0.465409,-2.866275,initial_heading_error,2.938396,1.065400,1.872996,False
15,Pass,Fail,fail,(obstacle_heading <= 0.2668 AND initial_heading_error <= 1.0664) OR (obstacle_heading <= 0.2668 AND initial_heading_error > 1.0664) OR (obstacle_heading > 0.2668 AND initial_heading_error > -0.9853),2.994431,2.229470,0.826020,2.938396,0.465409,-2.866275,obstacle_heading,-2.866275,0.267800,3.134075,False
16,Pass,Fail,fail,(obstacle_heading <= 0.2668 AND initial_heading_error <= 1.0664) OR (obstacle_heading <= 0.2668 AND initial_heading_error > 1.0664) OR (obstacle_heading > 0.2668 AND initial_heading_error > -0.9853),2.264753,0.602084,0.827093,2.694774,0.760282,-2.939809,initial_heading_error,2.694774,1.065400,1.629374,False
16,Pass,Fail,fail,(obstacle_heading <= 0.2668 AND initial_heading_error <= 1.0664) OR (obstacle_heading <= 0.2668 AND initial_heading_error > 1.0664) OR (obstacle_heading > 0.2668 AND initial_heading_error > -0.9853),2.264753,0.602084,0.827093,2.694774,0.760282,-2.939809,initial_heading_error,2.694774,1.065400,1.629374,False
16,Pass,Fail,fail,(obstacle_heading <= 0.2668 AND initial_heading_error <= 1.0664) OR (obstacle_heading <= 0.2668 AND initial_heading_error > 1.0664) OR (obstacle_heading > 0.2668 AND initial_heading_error > -0.9853),2.264753,0.602084,0.827093,2.694774,0.760282,-2.939809,obstacle_heading,-2.939809,0.267800,3.207609,False
17,Pass,Fail,fail,(obstacle_heading <= 0.2668 AND initial_heading_error <= 1.0664) OR (obstacle_heading <= 0.2668 AND initial_heading_error > 1.0664) OR (obstacle_heading > 0.2668 AND initial_heading_error > -0.9853),2.812968,0.114552,0.698030,-2.701468,0.173689,-1.980762,obstacle_heading,-1.980762,0.267800,2.248562,True
17,Pass,Fail,fail,(obstacle_heading <= 0.2668 AND initial_heading_error <= 1.0664) OR (obstacle_heading <= 0.2668 AND initial_heading_error > 1.0664) OR (obstacle_heading > 0.2668 AND initial_heading_error > -0.9853),2.812968,0.114552,0.698030,-2.701468,0.173689,-1.980762,obstacle_heading,-1.980762,0.267800,2.248562,True
17,Pass,Fail,fail,(obstacle_heading <= 0.2668 AND initial_heading_error <= 1.0664) OR (obstacle_heading <= 0.2668 AND initial_heading_error > 1.0664) OR (obstacle_heading > 0.2668 AND initial_heading_error > -0.9853),2.812968,0.114552,0.698030,-2.701468,0.173689,-1.980762,obstacle_heading,-1.980762,0.267800,2.248562,True
19,Pass,Fail,fail,(obstacle_heading <= 0.2668 AND initial_heading_error <= 1.0664) OR (obstacle_heading <= 0.2668 AND initial_heading_error > 1.0664) OR (obstacle_heading > 0.2668 AND initial_heading_error > -0.9853),2.021830,2.216473,0.429118,3.110836,0.090968,2.409290,initial_heading_error,3.110836,-0.986300,4.097136,True
20,Pass,Fail,fail,(obstacle_heading <= 0.2668 AND initial_heading_error <= 1.0664) OR (obstacle_heading <= 0.2668 AND initial_heading_error > 1.0664) OR (obstacle_heading > 0.2668 AND initial_heading_error > -0.9853),2.824537,1.476685,0.695801,0.375399,0.239844,-0.888342,initial_heading_error,0.375399,1.067400,0.692001,False
20,Pass,Fail,fail,(obstacle_heading <= 0.2668 AND initial_heading_error <= 1.0664) OR (obstacle_heading <= 0.2668 AND initial_heading_error > 1.0664) OR (obstacle_heading > 0.2668 AND initial_heading_error > -0.9853),2.824537,1.476685,0.695801,0.375399,0.239844,-0.888342,initial_heading_error,0.375399,1.067400,0.692001,False
20,Pass,Fail,fail,(obstacle_heading <= 0.2668 AND initial_heading_error <= 1.0664) OR (obstacle_heading <= 0.2668 AND initial_heading_error > 1.0664) OR (obstacle_heading > 0.2668 AND initial_heading_error > -0.9853),2.824537,1.476685,0.695801,0.375399,0.239844,-0.888342,obstacle_heading,-0.888342,0.267800,1.156142,False
22,Pass,Fail,fail,(obstacle_heading <= 0.2668 AND initial_heading_error <= 1.0664) OR (obstacle_heading <= 0.2668 AND initial_heading_error > 1.0664) OR (obstacle_heading > 0.2668 AND initial_heading_error > -0.9853),0.967353,1.436745,0.810461,-1.695742,0.158044,-2.796401,obstacle_heading,-2.796401,0.267800,3.064201,True
22,Pass,Fail,fail,(obstacle_heading <= 0.2668 AND initial_heading_error <= 1.0664) OR (obstacle_heading <= 0.2668 AND initial_heading_error > 1.0664) OR (obstacle_heading > 0.2668 AND initial_heading_error > -0.9853),0.967353,1.436745,0.810461,-1.695742,0.158044,-2.796401,obstacle_heading,-2.796401,0.267800,3.064201,True
22,Pass,Fail,fail,(obstacle_heading <= 0.2668 AND initial_heading_error <= 1.0664) OR (obstacle_heading <= 0.2668 AND initial_heading_error > 1.0664) OR (obstacle_heading > 0.2668 AND initial_heading_error > -0.9853),0.967353,1.436745,0.810461,-1.695742,0.158044,-2.796401,obstacle_heading,-2.796401,0.267800,3.064201,True
23,Pass,Fail,fail,(obstacle_heading <= 0.2668 AND initial_heading_error <= 1.0664) OR (obstacle_heading <= 0.2668 AND initial_heading_error > 1.0664) OR (obstacle_heading > 0.2668 AND initial_heading_error > -0.9853),2.714487,0.471933,0.717967,2.869853,1.131402,-1.365062,obstacle_heading,-1.365062,0.267800,1.632862,False
23,Pass,Fail,fail,(obstacle_heading <= 0.2668 AND initial_heading_error <= 1.0664) OR (obstacle_heading <= 0.2668 AND initial_heading_error > 1.0664) OR (obstacle_heading > 0.2668 AND initial_heading_error > -0.9853),2.714487,0.471933,0.717967,2.869853,1.131402,-1.365062,obstacle_heading,-1.365062,0.267800,1.632862,False
23,Pass,Fail,fail,(obstacle_heading <= 0.2668 AND initial_heading_error <= 1.0664) OR (obstacle_heading <= 0.2668 AND initial_heading_error > 1.0664) OR (obstacle_heading > 0.2668 AND initial_heading_error > -0.9853),2.714487,0.471933,0.717967,2.869853,1.131402,-1.365062,obstacle_heading,-1.365062,0.267800,1.632862,False
24,Pass,Fail,fail,(obstacle_heading <= 0.2668 AND initial_heading_error <= 1.0664) OR (obstacle_heading <= 0.2668 AND initial_heading_error > 1.0664) OR (obstacle_heading > 0.2668 AND initial_heading_error > -0.9853),1.315939,2.269414,0.829973,2.721845,1.112456,-0.907787,obstacle_heading,-0.907787,0.267800,1.175587,False
24,Pass,Fail,fail,(obstacle_heading <= 0.2668 AND initial_heading_error <= 1.0664) OR (obstacle_heading <= 0.2668 AND initial_heading_error > 1.0664) OR (obstacle_heading > 0.2668 AND initial_heading_error > -0.9853),1.315939,2.269414,0.829973,2.721845,1.112456,-0.907787,obstacle_heading,-0.907787,0.267800,1.175587,False
24,Pass,Fail,fail,(obstacle_heading <= 0.2668 AND initial_heading_error <= 1.0664) OR (obstacle_heading <= 0.2668 AND initial_heading_error > 1.0664) OR (obstacle_heading > 0.2668 AND initial_heading_error > -0.9853),1.315939,2.269414,0.829973,2.721845,1.112456,-0.907787,obstacle_heading,-0.907787,0.267800,1.175587,False
25,Pass,Fail,fail,(obstacle_heading <= 0.2668 AND initial_heading_error <= 1.0664) OR (obstacle_heading <= 0.2668 AND initial_heading_error > 1.0664) OR (obstacle_heading > 0.2668 AND initial_heading_error > -0.9853),2.718835,0.881644,0.510063,-0.064787,1.047558,0.888296,initial_heading_error,-0.064787,-0.986300,0.921513,True
26,Pass,Fail,fail,(obstacle_heading <= 0.2668 AND initial_heading_error <= 1.0664) OR (obstacle_heading <= 0.2668 AND initial_heading_error > 1.0664) OR (obstacle_heading > 0.2668 AND initial_heading_error > -0.9853),1.381125,1.695946,0.542323,2.377686,0.328264,2.825257,initial_heading_error,2.377686,-0.986300,3.363986,True
27,Pass,Fail,fail,(obstacle_heading <= 0.2668 AND initial_heading_error <= 1.0664) OR (obstacle_heading <= 0.2668 AND initial_heading_error > 1.0664) OR (obstacle_heading > 0.2668 AND initial_heading_error > -0.9853),2.497908,0.656560,0.492148,2.028541,0.205937,2.059058,initial_heading_error,2.028541,-0.986300,3.014841,True
31,Pass,Fail,fail,(obstacle_heading <= 0.2668 AND initial_heading_error <= 1.0664) OR (obstacle_heading <= 0.2668 AND initial_heading_error > 1.0664) OR (obstacle_heading > 0.2668 AND initial_heading_error > -0.9853),2.395933,1.519373,0.825857,2.070581,1.161602,1.456669,initial_heading_error,2.070581,-0.986300,3.056881,True
32,Pass,Fail,fail,(obstacle_heading <= 0.2668 AND initial_heading_error <= 1.0664) OR (obstacle_heading <= 0.2668 AND initial_heading_error > 1.0664) OR (obstacle_heading > 0.2668 AND initial_heading_error > -0.9853),1.824079,1.338048,0.460667,2.280034,0.467227,1.608715,initial_heading_error,2.280034,-0.986300,3.266334,True
33,Pass,Fail,fail,(obstacle_heading <= 0.2668 AND initial_heading_error <= 1.0664) OR (obstacle_heading <= 0.2668 AND initial_heading_error > 1.0664) OR (obstacle_heading > 0.2668 AND initial_heading_error > -0.9853),2.552017,0.113968,0.611489,0.461135,0.399839,-0.922820,initial_heading_error,0.461135,1.067400,0.606265,False
33,Pass,Fail,fail,(obstacle_heading <= 0.2668 AND initial_heading_error <= 1.0664) OR (obstacle_heading <= 0.2668 AND initial_heading_error > 1.0664) OR (obstacle_heading > 0.2668 AND initial_heading_error > -0.9853),2.552017,0.113968,0.611489,0.461135,0.399839,-0.922820,initial_heading_error,0.461135,1.067400,0.606265,False
33,Pass,Fail,fail,(obstacle_heading <= 0.2668 AND initial_heading_error <= 1.0664) OR (obstacle_heading <= 0.2668 AND initial_heading_error > 1.0664) OR (obstacle_heading > 0.2668 AND initial_heading_error > -0.9853),2.552017,0.113968,0.611489,0.461135,0.399839,-0.922820,obstacle_heading,-0.922820,0.267800,1.190620,False
34,Pass,Fail,fail,(obstacle_heading <= 0.2668 AND initial_heading_error <= 1.0664) OR (obstacle_heading <= 0.2668 AND initial_heading_error > 1.0664) OR (obstacle_heading > 0.2668 AND initial_heading_error > -0.9853),1.041302,1.960725,0.723064,-1.248952,0.497363,-1.696676,obstacle_heading,-1.696676,0.267800,1.964476,True
34,Pass,Fail,fail,(obstacle_heading <= 0.2668 AND initial_heading_error <= 1.0664) OR (obstacle_heading <= 0.2668 AND initial_heading_error > 1.0664) OR (obstacle_heading > 0.2668 AND initial_heading_error > -0.9853),1.041302,1.960725,0.723064,-1.248952,0.497363,-1.696676,obstacle_heading,-1.696676,0.267800,1.964476,True
34,Pass,Fail,fail,(obstacle_heading <= 0.2668 AND initial_heading_error <= 1.0664) OR (obstacle_heading <= 0.2668 AND initial_heading_error > 1.0664) OR (obstacle_heading > 0.2668 AND initial_heading_error > -0.9853),1.041302,1.960725,0.723064,-1.248952,0.497363,-1.696676,obstacle_heading,-1.696676,0.267800,1.964476,True
35,Pass,Fail,fail,(obstacle_heading <= 0.2668 AND initial_heading_error <= 1.0664) OR (obstacle_heading <= 0.2668 AND initial_heading_error > 1.0664) OR (obstacle_heading > 0.2668 AND initial_heading_error > -0.9853),2.612729,1.147968,0.778566,-0.151309,0.627625,1.590309,initial_heading_error,-0.151309,-0.986300,0.834991,True
36,Pass,Fail,fail,(obstacle_heading <= 0.2668 AND initial_heading_error <= 1.0664) OR (obstacle_heading <= 0.2668 AND initial_heading_error > 1.0664) OR (obstacle_heading > 0.2668 AND initial_heading_error > -0.9853),2.212205,0.847776,0.793313,1.695955,0.464362,0.456542,initial_heading_error,1.695955,-0.986300,2.682255,True
37,Pass,Fail,fail,(obstacle_heading <= 0.2668 AND initial_heading_error <= 1.0664) OR (obstacle_heading <= 0.2668 AND initial_heading_error > 1.0664) OR (obstacle_heading > 0.2668 AND initial_heading_error > -0.9853),1.844248,0.813547,0.560534,3.102519,0.446053,3.005834,initial_heading_error,3.102519,-0.986300,4.088819,True
38,Pass,Fail,fail,(obstacle_heading <= 0.2668 AND initial_heading_error <= 1.0664) OR (obstacle_heading <= 0.2668 AND initial_heading_error > 1.0664) OR (obstacle_heading > 0.2668 AND initial_heading_error > -0.9853),1.585667,1.652466,0.650468,0.837783,0.933488,-0.794506,initial_heading_error,0.837783,1.067400,0.229617,False
38,Pass,Fail,fail,(obstacle_heading <= 0.2668 AND initial_heading_error <= 1.0664) OR (obstacle_heading <= 0.2668 AND initial_heading_error > 1.0664) OR (obstacle_heading > 0.2668 AND initial_heading_error > -0.9853),1.585667,1.652466,0.650468,0.837783,0.933488,-0.794506,initial_heading_error,0.837783,1.067400,0.229617,False
38,Pass,Fail,fail,(obstacle_heading <= 0.2668 AND initial_heading_error <= 1.0664) OR (obstacle_heading <= 0.2668 AND initial_heading_error > 1.0664) OR (obstacle_heading > 0.2668 AND initial_heading_error > -0.9853),1.585667,1.652466,0.650468,0.837783,0.933488,-0.794506,obstacle_heading,-0.794506,0.267800,1.062306,False
39,Pass,Fail,fail,(obstacle_heading <= 0.2668 AND initial_heading_error <= 1.0664) OR (obstacle_heading <= 0.2668 AND initial_heading_error > 1.0664) OR (obstacle_heading > 0.2668 AND initial_heading_error > -0.9853),1.581223,0.472115,0.795086,1.969050,1.002086,-0.837073,initial_heading_error,1.969050,1.065400,0.903650,False
39,Pass,Fail,fail,(obstacle_heading <= 0.2668 AND initial_heading_error <= 1.0664) OR (obstacle_heading <= 0.2668 AND initial_heading_error > 1.0664) OR (obstacle_heading > 0.2668 AND initial_heading_error > -0.9853),1.581223,0.472115,0.795086,1.969050,1.002086,-0.837073,initial_heading_error,1.969050,1.065400,0.903650,False
39,Pass,Fail,fail,(obstacle_heading <= 0.2668 AND initial_heading_error <= 1.0664) OR (obstacle_heading <= 0.2668 AND initial_heading_error > 1.0664) OR (obstacle_heading > 0.2668 AND initial_heading_error > -0.9853),1.581223,0.472115,0.795086,1.969050,1.002086,-0.837073,obstacle_heading,-0.837073,0.267800,1.104873,False
43,Pass,Fail,fail,(obstacle_heading <= 0.2668 AND initial_heading_error <= 1.0664) OR (obstacle_heading <= 0.2668 AND initial_heading_error > 1.0664) OR (obstacle_heading > 0.2668 AND initial_heading_error > -0.9853),2.354682,1.062302,0.435724,-1.718819,0.367374,-2.619588,obstacle_heading,-2.619588,0.267800,2.887388,True
43,Pass,Fail,fail,(obstacle_heading <= 0.2668 AND initial_heading_error <= 1.0664) OR (obstacle_heading <= 0.2668 AND initial_heading_error > 1.0664) OR (obstacle_heading > 0.2668 AND initial_heading_error > -0.9853),2.354682,1.062302,0.435724,-1.718819,0.367374,-2.619588,obstacle_heading,-2.619588,0.267800,2.887388,True
43,Pass,Fail,fail,(obstacle_heading <= 0.2668 AND initial_heading_error <= 1.0664) OR (obstacle_heading <= 0.2668 AND initial_heading_error > 1.0664) OR (obstacle_heading > 0.2668 AND initial_heading_error > -0.9853),2.354682,1.062302,0.435724,-1.718819,0.367374,-2.619588,obstacle_heading,-2.619588,0.267800,2.887388,True
44,Pass,Fail,fail,(obstacle_heading <= 0.2668 AND initial_heading_error <= 1.0664) OR (obstacle_heading <= 0.2668 AND initial_heading_error > 1.0664) OR (obstacle_heading > 0.2668 AND initial_heading_error > -0.9853),2.066855,1.589714,0.656694,-2.445063,0.730283,-2.745604,obstacle_heading,-2.745604,0.267800,3.013404,True
44,Pass,Fail,fail,(obstacle_heading <= 0.2668 AND initial_heading_error <= 1.0664) OR (obstacle_heading <= 0.2668 AND initial_heading_error > 1.0664) OR (obstacle_heading > 0.2668 AND initial_heading_error > -0.9853),2.066855,1.589714,0.656694,-2.445063,0.730283,-2.745604,obstacle_heading,-2.745604,0.267800,3.013404,True
44,Pass,Fail,fail,(obstacle_heading <= 0.2668 AND initial_heading_error <= 1.0664) OR (obstacle_heading <= 0.2668 AND initial_heading_error > 1.0664) OR (obstacle_heading > 0.2668 AND initial_heading_error > -0.9853),2.066855,1.589714,0.656694,-2.445063,0.730283,-2.745604,obstacle_heading,-2.745604,0.267800,3.013404,True
45,Pass,Fail,fail,(obstacle_heading <= 0.2668 AND initial_heading_error <= 1.0664) OR (obstacle_heading <= 0.2668 AND initial_heading_error > 1.0664) OR (obstacle_heading > 0.2668 AND initial_heading_error > -0.9853),1.953149,0.654733,0.727390,1.434826,0.906087,0.986325,initial_heading_error,1.434826,-0.986300,2.421126,True
49,Pass,Fail,fail,(obstacle_heading <= 0.2668 AND initial_heading_error <= 1.0664) OR (obstacle_heading <= 0.2668 AND initial_heading_error > 1.0664) OR (obstacle_heading > 0.2668 AND initial_heading_error > -0.9853),1.472363,1.681075,0.472043,1.834720,1.050673,0.794182,initial_heading_error,1.834720,-0.986300,2.821020,True
50,Pass,Fail,fail,(obstacle_heading <= 0.2668 AND initial_heading_error <= 1.0664) OR (obstacle_heading <= 0.2668 AND initial_heading_error > 1.0664) OR (obstacle_heading > 0.2668 AND initial_heading_error > -0.9853),1.833295,0.856884,0.409943,-0.492962,0.398764,0.608810,initial_heading_error,-0.492962,-0.986300,0.493338,True
51,Pass,Fail,fail,(obstacle_heading <= 0.2668 AND initial_heading_error <= 1.0664) OR (obstacle_heading <= 0.2668 AND initial_heading_error > 1.0664) OR (obstacle_heading > 0.2668 AND initial_heading_error > -0.9853),1.619845,2.386731,0.549751,1.271928,0.914628,-2.057225,initial_heading_error,1.271928,1.065400,0.206528,False
51,Pass,Fail,fail,(obstacle_heading <= 0.2668 AND initial_heading_error <= 1.0664) OR (obstacle_heading <= 0.2668 AND initial_heading_error > 1.0664) OR (obstacle_heading > 0.2668 AND initial_heading_error > -0.9853),1.619845,2.386731,0.549751,1.271928,0.914628,-2.057225,initial_heading_error,1.271928,1.065400,0.206528,False
51,Pass,Fail,fail,(obstacle_heading <= 0.2668 AND initial_heading_error <= 1.0664) OR (obstacle_heading <= 0.2668 AND initial_heading_error > 1.0664) OR (obstacle_heading > 0.2668 AND initial_heading_error > -0.9853),1.619845,2.386731,0.549751,1.271928,0.914628,-2.057225,initial_heading_error,1.271928,-0.986300,2.258228,False
53,Pass,Fail,fail,(obstacle_heading <= 0.2668 AND initial_heading_error <= 1.0664) OR (obstacle_heading <= 0.2668 AND initial_heading_error > 1.0664) OR (obstacle_heading > 0.2668 AND initial_heading_error > -0.9853),2.666660,2.352971,0.446363,3.136963,0.424327,-1.389921,obstacle_heading,-1.389921,0.267800,1.657721,False
53,Pass,Fail,fail,(obstacle_heading <= 0.2668 AND initial_heading_error <= 1.0664) OR (obstacle_heading <= 0.2668 AND initial_heading_error > 1.0664) OR (obstacle_heading > 0.2668 AND initial_heading_error > -0.9853),2.666660,2.352971,0.446363,3.136963,0.424327,-1.389921,obstacle_heading,-1.389921,0.267800,1.657721,False
53,Pass,Fail,fail,(obstacle_heading <= 0.2668 AND initial_heading_error <= 1.0664) OR (obstacle_heading <= 0.2668 AND initial_heading_error > 1.0664) OR (obstacle_heading > 0.2668 AND initial_heading_error > -0.9853),2.666660,2.352971,0.446363,3.136963,0.424327,-1.389921,obstacle_heading,-1.389921,0.267800,1.657721,False
54,Pass,Fail,fail,(obstacle_heading <= 0.2668 AND initial_heading_error <= 1.0664) OR (obstacle_heading <= 0.2668 AND initial_heading_error > 1.0664) OR (obstacle_heading > 0.2668 AND initial_heading_error > -0.9853),1.435354,0.718326,0.658209,-0.022723,1.181739,0.818437,initial_heading_error,-0.022723,-0.986300,0.963577,True
55,Pass,Fail,fail,(obstacle_heading <= 0.2668 AND initial_heading_error <= 1.0664) OR (obstacle_heading <= 0.2668 AND initial_heading_error > 1.0664) OR (obstacle_heading > 0.2668 AND initial_heading_error > -0.9853),1.032013,1.158913,0.368556,-0.347417,1.132835,1.336667,initial_heading_error,-0.347417,-0.986300,0.638883,True
56,Pass,Fail,fail,(obstacle_heading <= 0.2668 AND initial_heading_error <= 1.0664) OR (obstacle_heading <= 0.2668 AND initial_heading_error > 1.0664) OR (obstacle_heading > 0.2668 AND initial_heading_error > -0.9853),2.425524,1.408101,0.592518,1.094037,1.132351,0.112257,initial_heading_error,1.094037,1.065400,0.028637,False
56,Pass,Fail,fail,(obstacle_heading <= 0.2668 AND initial_heading_error <= 1.0664) OR (obstacle_heading <= 0.2668 AND initial_heading_error > 1.0664) OR (obstacle_heading > 0.2668 AND initial_heading_error > -0.9853),2.425524,1.408101,0.592518,1.094037,1.132351,0.112257,initial_heading_error,1.094037,1.065400,0.028637,False
56,Pass,Fail,fail,(obstacle_heading <= 0.2668 AND initial_heading_error <= 1.0664) OR (obstacle_heading <= 0.2668 AND initial_heading_error > 1.0664) OR (obstacle_heading > 0.2668 AND initial_heading_error > -0.9853),2.425524,1.408101,0.592518,1.094037,1.132351,0.112257,obstacle_heading,0.112257,0.267800,0.155543,False
58,Pass,Fail,fail,(obstacle_heading <= 0.2668 AND initial_heading_error <= 1.0664) OR (obstacle_heading <= 0.2668 AND initial_heading_error > 1.0664) OR (obstacle_heading > 0.2668 AND initial_heading_error > -0.9853),2.088258,1.206414,0.868996,3.093495,0.669787,0.551285,initial_heading_error,3.093495,-0.986300,4.079795,True
59,Pass,Fail,fail,(obstacle_heading <= 0.2668 AND initial_heading_error <= 1.0664) OR (obstacle_heading <= 0.2668 AND initial_heading_error > 1.0664) OR (obstacle_heading > 0.2668 AND initial_heading_error > -0.9853),2.589339,1.557057,0.600523,-1.274721,0.587153,-2.694675,obstacle_heading,-2.694675,0.267800,2.962475,True
59,Pass,Fail,fail,(obstacle_heading <= 0.2668 AND initial_heading_error <= 1.0664) OR (obstacle_heading <= 0.2668 AND initial_heading_error > 1.0664) OR (obstacle_heading > 0.2668 AND initial_heading_error > -0.9853),2.589339,1.557057,0.600523,-1.274721,0.587153,-2.694675,obstacle_heading,-2.694675,0.267800,2.962475,True
59,Pass,Fail,fail,(obstacle_heading <= 0.2668 AND initial_heading_error <= 1.0664) OR (obstacle_heading <= 0.2668 AND initial_heading_error > 1.0664) OR (obstacle_heading > 0.2668 AND initial_heading_error > -0.9853),2.589339,1.557057,0.600523,-1.274721,0.587153,-2.694675,obstacle_heading,-2.694675,0.267800,2.962475,True
60,Pass,Fail,fail,(obstacle_heading <= 0.2668 AND initial_heading_error <= 1.0664) OR (obstacle_heading <= 0.2668 AND initial_heading_error > 1.0664) OR (obstacle_heading > 0.2668 AND initial_heading_error > -0.9853),1.277513,1.361375,0.395244,-2.710503,0.517421,-1.868998,obstacle_heading,-1.868998,0.267800,2.136798,True
60,Pass,Fail,fail,(obstacle_heading <= 0.2668 AND initial_heading_error <= 1.0664) OR (obstacle_heading <= 0.2668 AND initial_heading_error > 1.0664) OR (obstacle_heading > 0.2668 AND initial_heading_error > -0.9853),1.277513,1.361375,0.395244,-2.710503,0.517421,-1.868998,obstacle_heading,-1.868998,0.267800,2.136798,True
60,Pass,Fail,fail,(obstacle_heading <= 0.2668 AND initial_heading_error <= 1.0664) OR (obstacle_heading <= 0.2668 AND initial_heading_error > 1.0664) OR (obstacle_heading > 0.2668 AND initial_heading_error > -0.9853),1.277513,1.361375,0.395244,-2.710503,0.517421,-1.868998,obstacle_heading,-1.868998,0.267800,2.136798,True
61,Pass,Fail,fail,(obstacle_heading <= 0.2668 AND initial_heading_error <= 1.0664) OR (obstacle_heading <= 0.2668 AND initial_heading_error > 1.0664) OR (obstacle_heading > 0.2668 AND initial_heading_error > -0.9853),2.047351,1.080667,0.634920,2.313210,1.104750,1.246183,initial_heading_error,2.313210,-0.986300,3.299510,True
62,Pass,Fail,fail,(obstacle_heading <= 0.2668 AND initial_heading_error <= 1.0664) OR (obstacle_heading <= 0.2668 AND initial_heading_error > 1.0664) OR (obstacle_heading > 0.2668 AND initial_heading_error > -0.9853),2.919268,1.251033,0.829627,3.091113,1.165909,2.990890,initial_heading_error,3.091113,-0.986300,4.077413,True
65,Pass,Fail,fail,(obstacle_heading <= 0.2668 AND initial_heading_error <= 1.0664) OR (obstacle_heading <= 0.2668 AND initial_heading_error > 1.0664) OR (obstacle_heading > 0.2668 AND initial_heading_error > -0.9853),1.047643,2.122181,0.482951,3.053735,1.108159,-2.312332,initial_heading_error,3.053735,1.065400,1.988335,False
65,Pass,Fail,fail,(obstacle_heading <= 0.2668 AND initial_heading_error <= 1.0664) OR (obstacle_heading <= 0.2668 AND initial_heading_error > 1.0664) OR (obstacle_heading > 0.2668 AND initial_heading_error > -0.9853),1.047643,2.122181,0.482951,3.053735,1.108159,-2.312332,initial_heading_error,3.053735,1.065400,1.988335,False
65,Pass,Fail,fail,(obstacle_heading <= 0.2668 AND initial_heading_error <= 1.0664) OR (obstacle_heading <= 0.2668 AND initial_heading_error > 1.0664) OR (obstacle_heading > 0.2668 AND initial_heading_error > -0.9853),1.047643,2.122181,0.482951,3.053735,1.108159,-2.312332,obstacle_heading,-2.312332,0.267800,2.580132,False
66,Pass,Fail,fail,(obstacle_heading <= 0.2668 AND initial_heading_error <= 1.0664) OR (obstacle_heading <= 0.2668 AND initial_heading_error > 1.0664) OR (obstacle_heading > 0.2668 AND initial_heading_error > -0.9853),2.734829,0.492279,0.864230,-1.302056,0.945901,-2.671615,obstacle_heading,-2.671615,0.267800,2.939415,True
66,Pass,Fail,fail,(obstacle_heading <= 0.2668 AND initial_heading_error <= 1.0664) OR (obstacle_heading <= 0.2668 AND initial_heading_error > 1.0664) OR (obstacle_heading > 0.2668 AND initial_heading_error > -0.9853),2.734829,0.492279,0.864230,-1.302056,0.945901,-2.671615,obstacle_heading,-2.671615,0.267800,2.939415,True
66,Pass,Fail,fail,(obstacle_heading <= 0.2668 AND initial_heading_error <= 1.0664) OR (obstacle_heading <= 0.2668 AND initial_heading_error > 1.0664) OR (obstacle_heading > 0.2668 AND initial_heading_error > -0.9853),2.734829,0.492279,0.864230,-1.302056,0.945901,-2.671615,obstacle_heading,-2.671615,0.267800,2.939415,True
67,Pass,Fail,fail,(obstacle_heading <= 0.2668 AND initial_heading_error <= 1.0664) OR (obstacle_heading <= 0.2668 AND initial_heading_error > 1.0664) OR (obstacle_heading > 0.2668 AND initial_heading_error > -0.9853),1.079081,1.358567,0.569378,-0.364353,0.151986,-0.640479,initial_heading_error,-0.364353,-0.986300,0.621947,False
67,Pass,Fail,fail,(obstacle_heading <= 0.2668 AND initial_heading_error <= 1.0664) OR (obstacle_heading <= 0.2668 AND initial_heading_error > 1.0664) OR (obstacle_heading > 0.2668 AND initial_heading_error > -0.9853),1.079081,1.358567,0.569378,-0.364353,0.151986,-0.640479,obstacle_heading,-0.640479,0.267800,0.908279,False
67,Pass,Fail,fail,(obstacle_heading <= 0.2668 AND initial_heading_error <= 1.0664) OR (obstacle_heading <= 0.2668 AND initial_heading_error > 1.0664) OR (obstacle_heading > 0.2668 AND initial_heading_error > -0.9853),1.079081,1.358567,0.569378,-0.364353,0.151986,-0.640479,obstacle_heading,-0.640479,0.267800,0.908279,False
70,Pass,Fail,fail,(obstacle_heading <= 0.2668 AND initial_heading_error <= 1.0664) OR (obstacle_heading <= 0.2668 AND initial_heading_error > 1.0664) OR (obstacle_heading > 0.2668 AND initial_heading_error > -0.9853),1.747064,0.684013,0.688787,-2.639848,0.090892,-0.771780,obstacle_heading,-0.771780,0.267800,1.039580,True
70,Pass,Fail,fail,(obstacle_heading <= 0.2668 AND initial_heading_error <= 1.0664) OR (obstacle_heading <= 0.2668 AND initial_heading_error > 1.0664) OR (obstacle_heading > 0.2668 AND initial_heading_error > -0.9853),1.747064,0.684013,0.688787,-2.639848,0.090892,-0.771780,obstacle_heading,-0.771780,0.267800,1.039580,True
70,Pass,Fail,fail,(obstacle_heading <= 0.2668 AND initial_heading_error <= 1.0664) OR (obstacle_heading <= 0.2668 AND initial_heading_error > 1.0664) OR (obstacle_heading > 0.2668 AND initial_heading_error > -0.9853),1.747064,0.684013,0.688787,-2.639848,0.090892,-0.771780,obstacle_heading,-0.771780,0.267800,1.039580,True
72,Pass,Fail,fail,(obstacle_heading <= 0.2668 AND initial_heading_error <= 1.0664) OR (obstacle_heading <= 0.2668 AND initial_heading_error > 1.0664) OR (obstacle_heading > 0.2668 AND initial_heading_error > -0.9853),2.872231,0.266080,0.632843,-1.210371,0.368397,-0.876674,obstacle_heading,-0.876674,0.267800,1.144474,True
72,Pass,Fail,fail,(obstacle_heading <= 0.2668 AND initial_heading_error <= 1.0664) OR (obstacle_heading <= 0.2668 AND initial_heading_error > 1.0664) OR (obstacle_heading > 0.2668 AND initial_heading_error > -0.9853),2.872231,0.266080,0.632843,-1.210371,0.368397,-0.876674,obstacle_heading,-0.876674,0.267800,1.144474,True
72,Pass,Fail,fail,(obstacle_heading <= 0.2668 AND initial_heading_error <= 1.0664) OR (obstacle_heading <= 0.2668 AND initial_heading_error > 1.0664) OR (obstacle_heading > 0.2668 AND initial_heading_error > -0.9853),2.872231,0.266080,0.632843,-1.210371,0.368397,-0.876674,obstacle_heading,-0.876674,0.267800,1.144474,True
73,Pass,Fail,fail,(obstacle_heading <= 0.2668 AND initial_heading_error <= 1.0664) OR (obstacle_heading <= 0.2668 AND initial_heading_error > 1.0664) OR (obstacle_heading > 0.2668 AND initial_heading_error > -0.9853),2.555127,1.494634,0.897794,0.100353,0.992455,1.762756,initial_heading_error,0.100353,-0.986300,1.086653,True
74,Pass,Fail,fail,(obstacle_heading <= 0.2668 AND initial_heading_error <= 1.0664) OR (obstacle_heading <= 0.2668 AND initial_heading_error > 1.0664) OR (obstacle_heading > 0.2668 AND initial_heading_error > -0.9853),2.360807,0.519548,0.847269,1.244742,0.218531,0.750776,initial_heading_error,1.244742,-0.986300,2.231042,True
77,Pass,Fail,fail,(obstacle_heading <= 0.2668 AND initial_heading_error <= 1.0664) OR (obstacle_heading <= 0.2668 AND initial_heading_error > 1.0664) OR (obstacle_heading > 0.2668 AND initial_heading_error > -0.9853),1.066939,0.414474,0.609472,0.825636,0.611326,2.471500,initial_heading_error,0.825636,-0.986300,1.811936,True
78,Pass,Fail,fail,(obstacle_heading <= 0.2668 AND initial_heading_error <= 1.0664) OR (obstacle_heading <= 0.2668 AND initial_heading_error > 1.0664) OR (obstacle_heading > 0.2668 AND initial_heading_error > -0.9853),2.411807,1.053873,0.629225,0.237883,0.638994,2.517706,initial_heading_error,0.237883,-0.986300,1.224183,True
79,Pass,Fail,fail,(obstacle_heading <= 0.2668 AND initial_heading_error <= 1.0664) OR (obstacle_heading <= 0.2668 AND initial_heading_error > 1.0664) OR (obstacle_heading > 0.2668 AND initial_heading_error > -0.9853),2.800487,2.140394,0.686655,1.315101,0.541036,1.529838,initial_heading_error,1.315101,-0.986300,2.301401,True
81,Pass,Fail,fail,(obstacle_heading <= 0.2668 AND initial_heading_error <= 1.0664) OR (obstacle_heading <= 0.2668 AND initial_heading_error > 1.0664) OR (obstacle_heading > 0.2668 AND initial_heading_error > -0.9853),1.618027,1.025356,0.528836,1.641198,0.226321,-2.805826,initial_heading_error,1.641198,1.065400,0.575798,False
81,Pass,Fail,fail,(obstacle_heading <= 0.2668 AND initial_heading_error <= 1.0664) OR (obstacle_heading <= 0.2668 AND initial_heading_error > 1.0664) OR (obstacle_heading > 0.2668 AND initial_heading_error > -0.9853),1.618027,1.025356,0.528836,1.641198,0.226321,-2.805826,initial_heading_error,1.641198,1.065400,0.575798,False
81,Pass,Fail,fail,(obstacle_heading <= 0.2668 AND initial_heading_error <= 1.0664) OR (obstacle_heading <= 0.2668 AND initial_heading_error > 1.0664) OR (obstacle_heading > 0.2668 AND initial_heading_error > -0.9853),1.618027,1.025356,0.528836,1.641198,0.226321,-2.805826,initial_heading_error,1.641198,-0.986300,2.627498,False
82,Pass,Fail,fail,(obstacle_heading <= 0.2668 AND initial_heading_error <= 1.0664) OR (obstacle_heading <= 0.2668 AND initial_heading_error > 1.0664) OR (obstacle_heading > 0.2668 AND initial_heading_error > -0.9853),1.992586,0.147278,0.549429,2.074730,0.702469,-0.334631,obstacle_heading,-0.334631,0.267800,0.602431,False
82,Pass,Fail,fail,(obstacle_heading <= 0.2668 AND initial_heading_error <= 1.0664) OR (obstacle_heading <= 0.2668 AND initial_heading_error > 1.0664) OR (obstacle_heading > 0.2668 AND initial_heading_error > -0.9853),1.992586,0.147278,0.549429,2.074730,0.702469,-0.334631,obstacle_heading,-0.334631,0.267800,0.602431,False
82,Pass,Fail,fail,(obstacle_heading <= 0.2668 AND initial_heading_error <= 1.0664) OR (obstacle_heading <= 0.2668 AND initial_heading_error > 1.0664) OR (obstacle_heading > 0.2668 AND initial_heading_error > -0.9853),1.992586,0.147278,0.549429,2.074730,0.702469,-0.334631,obstacle_heading,-0.334631,0.267800,0.602431,False
83,Pass,Fail,fail,(obstacle_heading <= 0.2668 AND initial_heading_error <= 1.0664) OR (obstacle_heading <= 0.2668 AND initial_heading_error > 1.0664) OR (obstacle_heading > 0.2668 AND initial_heading_error > -0.9853),2.098019,0.095026,0.573152,-2.351995,0.995761,-2.273615,obstacle_heading,-2.273615,0.267800,2.541415,True
83,Pass,Fail,fail,(obstacle_heading <= 0.2668 AND initial_heading_error <= 1.0664) OR (obstacle_heading <= 0.2668 AND initial_heading_error > 1.0664) OR (obstacle_heading > 0.2668 AND initial_heading_error > -0.9853),2.098019,0.095026,0.573152,-2.351995,0.995761,-2.273615,obstacle_heading,-2.273615,0.267800,2.541415,True
83,Pass,Fail,fail,(obstacle_heading <= 0.2668 AND initial_heading_error <= 1.0664) OR (obstacle_heading <= 0.2668 AND initial_heading_error > 1.0664) OR (obstacle_heading > 0.2668 AND initial_heading_error > -0.9853),2.098019,0.095026,0.573152,-2.351995,0.995761,-2.273615,obstacle_heading,-2.273615,0.267800,2.541415,True
84,Pass,Fail,fail,(obstacle_heading <= 0.2668 AND initial_heading_error <= 1.0664) OR (obstacle_heading <= 0.2668 AND initial_heading_error > 1.0664) OR (obstacle_heading > 0.2668 AND initial_heading_error > -0.9853),1.979900,1.126677,0.799503,-2.522416,0.679389,-1.884424,obstacle_heading,-1.884424,0.267800,2.152224,True
84,Pass,Fail,fail,(obstacle_heading <= 0.2668 AND initial_heading_error <= 1.0664) OR (obstacle_heading <= 0.2668 AND initial_heading_error > 1.0664) OR (obstacle_heading > 0.2668 AND initial_heading_error > -0.9853),1.979900,1.126677,0.799503,-2.522416,0.679389,-1.884424,obstacle_heading,-1.884424,0.267800,2.152224,True
84,Pass,Fail,fail,(obstacle_heading <= 0.2668 AND initial_heading_error <= 1.0664) OR (obstacle_heading <= 0.2668 AND initial_heading_error > 1.0664) OR (obstacle_heading > 0.2668 AND initial_heading_error > -0.9853),1.979900,1.126677,0.799503,-2.522416,0.679389,-1.884424,obstacle_heading,-1.884424,0.267800,2.152224,True
86,Pass,Fail,fail,(obstacle_heading <= 0.2668 AND initial_heading_error <= 1.0664) OR (obstacle_heading <= 0.2668 AND initial_heading_error > 1.0664) OR (obstacle_heading > 0.2668 AND initial_heading_error > -0.9853),2.176190,0.069349,0.711109,-2.187799,1.055082,-2.781622,obstacle_heading,-2.781622,0.267800,3.049422,True
86,Pass,Fail,fail,(obstacle_heading <= 0.2668 AND initial_heading_error <= 1.0664) OR (obstacle_heading <= 0.2668 AND initial_heading_error > 1.0664) OR (obstacle_heading > 0.2668 AND initial_heading_error > -0.9853),2.176190,0.069349,0.711109,-2.187799,1.055082,-2.781622,obstacle_heading,-2.781622,0.267800,3.049422,True
86,Pass,Fail,fail,(obstacle_heading <= 0.2668 AND initial_heading_error <= 1.0664) OR (obstacle_heading <= 0.2668 AND initial_heading_error > 1.0664) OR (obstacle_heading > 0.2668 AND initial_heading_error > -0.9853),2.176190,0.069349,0.711109,-2.187799,1.055082,-2.781622,obstacle_heading,-2.781622,0.267800,3.049422,True
87,Pass,Fail,fail,(obstacle_heading <= 0.2668 AND initial_heading_error <= 1.0664) OR (obstacle_heading <= 0.2668 AND initial_heading_error > 1.0664) OR (obstacle_heading > 0.2668 AND initial_heading_error > -0.9853),2.992573,0.174264,0.730327,-0.558285,0.123915,2.480038,initial_heading_error,-0.558285,-0.986300,0.428015,True
88,Pass,Fail,fail,(obstacle_heading <= 0.2668 AND initial_heading_error <= 1.0664) OR (obstacle_heading <= 0.2668 AND initial_heading_error > 1.0664) OR (obstacle_heading > 0.2668 AND initial_heading_error > -0.9853),2.987041,1.804482,0.839847,0.776444,0.356123,-2.165790,initial_heading_error,0.776444,1.067400,0.290956,False
88,Pass,Fail,fail,(obstacle_heading <= 0.2668 AND initial_heading_error <= 1.0664) OR (obstacle_heading <= 0.2668 AND initial_heading_error > 1.0664) OR (obstacle_heading > 0.2668 AND initial_heading_error > -0.9853),2.987041,1.804482,0.839847,0.776444,0.356123,-2.165790,initial_heading_error,0.776444,1.067400,0.290956,False
88,Pass,Fail,fail,(obstacle_heading <= 0.2668 AND initial_heading_error <= 1.0664) OR (obstacle_heading <= 0.2668 AND initial_heading_error > 1.0664) OR (obstacle_heading > 0.2668 AND initial_heading_error > -0.9853),2.987041,1.804482,0.839847,0.776444,0.356123,-2.165790,initial_heading_error,0.776444,-0.986300,1.762744,False
89,Pass,Fail,fail,(obstacle_heading <= 0.2668 AND initial_heading_error <= 1.0664) OR (obstacle_heading <= 0.2668 AND initial_heading_error > 1.0664) OR (obstacle_heading > 0.2668 AND initial_heading_error > -0.9853),2.832244,1.492427,0.748026,-2.296046,0.753417,-1.282074,obstacle_heading,-1.282074,0.267800,1.549874,True
89,Pass,Fail,fail,(obstacle_heading <= 0.2668 AND initial_heading_error <= 1.0664) OR (obstacle_heading <= 0.2668 AND initial_heading_error > 1.0664) OR (obstacle_heading > 0.2668 AND initial_heading_error > -0.9853),2.832244,1.492427,0.748026,-2.296046,0.753417,-1.282074,obstacle_heading,-1.282074,0.267800,1.549874,True
89,Pass,Fail,fail,(obstacle_heading <= 0.2668 AND initial_heading_error <= 1.0664) OR (obstacle_heading <= 0.2668 AND initial_heading_error > 1.0664) OR (obstacle_heading > 0.2668 AND initial_heading_error > -0.9853),2.832244,1.492427,0.748026,-2.296046,0.753417,-1.282074,obstacle_heading,-1.282074,0.267800,1.549874,True
90,Pass,Fail,fail,(obstacle_heading <= 0.2668 AND initial_heading_error <= 1.0664) OR (obstacle_heading <= 0.2668 AND initial_heading_error > 1.0664) OR (obstacle_heading > 0.2668 AND initial_heading_error > -0.9853),1.012697,0.606667,0.492237,-0.917578,0.892175,-1.469287,initial_heading_error,-0.917578,-0.986300,0.068722,False
90,Pass,Fail,fail,(obstacle_heading <= 0.2668 AND initial_heading_error <= 1.0664) OR (obstacle_heading <= 0.2668 AND initial_heading_error > 1.0664) OR (obstacle_heading > 0.2668 AND initial_heading_error > -0.9853),1.012697,0.606667,0.492237,-0.917578,0.892175,-1.469287,obstacle_heading,-1.469287,0.267800,1.737087,False
90,Pass,Fail,fail,(obstacle_heading <= 0.2668 AND initial_heading_error <= 1.0664) OR (obstacle_heading <= 0.2668 AND initial_heading_error > 1.0664) OR (obstacle_heading > 0.2668 AND initial_heading_error > -0.9853),1.012697,0.606667,0.492237,-0.917578,0.892175,-1.469287,obstacle_heading,-1.469287,0.267800,1.737087,False
91,Pass,Fail,fail,(obstacle_heading <= 0.2668 AND initial_heading_error <= 1.0664) OR (obstacle_heading <= 0.2668 AND initial_heading_error > 1.0664) OR (obstacle_heading > 0.2668 AND initial_heading_error > -0.9853),2.470779,0.029197,0.734128,-1.967870,0.437820,-0.501025,obstacle_heading,-0.501025,0.267800,0.768825,True
91,Pass,Fail,fail,(obstacle_heading <= 0.2668 AND initial_heading_error <= 1.0664) OR (obstacle_heading <= 0.2668 AND initial_heading_error > 1.0664) OR (obstacle_heading > 0.2668 AND initial_heading_error > -0.9853),2.470779,0.029197,0.734128,-1.967870,0.437820,-0.501025,obstacle_heading,-0.501025,0.267800,0.768825,True
91,Pass,Fail,fail,(obstacle_heading <= 0.2668 AND initial_heading_error <= 1.0664) OR (obstacle_heading <= 0.2668 AND initial_heading_error > 1.0664) OR (obstacle_heading > 0.2668 AND initial_heading_error > -0.9853),2.470779,0.029197,0.734128,-1.967870,0.437820,-0.501025,obstacle_heading,-0.501025,0.267800,0.768825,True
93,Pass,Fail,fail,(obstacle_heading <= 0.2668 AND initial_heading_error <= 1.0664) OR (obstacle_heading <= 0.2668 AND initial_heading_error > 1.0664) OR (obstacle_heading > 0.2668 AND initial_heading_error > -0.9853),1.087944,0.101029,0.746951,-0.969481,0.781612,-1.632821,initial_heading_error,-0.969481,-0.986300,0.016819,False
93,Pass,Fail,fail,(obstacle_heading <= 0.2668 AND initial_heading_error <= 1.0664) OR (obstacle_heading <= 0.2668 AND initial_heading_error > 1.0664) OR (obstacle_heading > 0.2668 AND initial_heading_error > -0.9853),1.087944,0.101029,0.746951,-0.969481,0.781612,-1.632821,obstacle_heading,-1.632821,0.267800,1.900621,False
93,Pass,Fail,fail,(obstacle_heading <= 0.2668 AND initial_heading_error <= 1.0664) OR (obstacle_heading <= 0.2668 AND initial_heading_error > 1.0664) OR (obstacle_heading > 0.2668 AND initial_heading_error > -0.9853),1.087944,0.101029,0.746951,-0.969481,0.781612,-1.632821,obstacle_heading,-1.632821,0.267800,1.900621,False
96,Pass,Fail,fail,(obstacle_heading <= 0.2668 AND initial_heading_error <= 1.0664) OR (obstacle_heading <= 0.2668 AND initial_heading_error > 1.0664) OR (obstacle_heading > 0.2668 AND initial_heading_error > -0.9853),2.349112,1.292548,0.439847,-1.206052,0.797562,-1.702549,obstacle_heading,-1.702549,0.267800,1.970349,True
96,Pass,Fail,fail,(obstacle_heading <= 0.2668 AND initial_heading_error <= 1.0664) OR (obstacle_heading <= 0.2668 AND initial_heading_error > 1.0664) OR (obstacle_heading > 0.2668 AND initial_heading_error > -0.9853),2.349112,1.292548,0.439847,-1.206052,0.797562,-1.702549,obstacle_heading,-1.702549,0.267800,1.970349,True
96,Pass,Fail,fail,(obstacle_heading <= 0.2668 AND initial_heading_error <= 1.0664) OR (obstacle_heading <= 0.2668 AND initial_heading_error > 1.0664) OR (obstacle_heading > 0.2668 AND initial_heading_error > -0.9853),2.349112,1.292548,0.439847,-1.206052,0.797562,-1.702549,obstacle_heading,-1.702549,0.267800,1.970349,True
97,Pass,Fail,fail,(obstacle_heading <= 0.2668 AND initial_heading_error <= 1.0664) OR (obstacle_heading <= 0.2668 AND initial_heading_error > 1.0664) OR (obstacle_heading > 0.2668 AND initial_heading_error > -0.9853),0.965303,1.270297,0.740401,1.572032,0.522616,-0.978168,initial_heading_error,1.572032,1.065400,0.506632,False
97,Pass,Fail,fail,(obstacle_heading <= 0.2668 AND initial_heading_error <= 1.0664) OR (obstacle_heading <= 0.2668 AND initial_heading_error > 1.0664) OR (obstacle_heading > 0.2668 AND initial_heading_error > -0.9853),0.965303,1.270297,0.740401,1.572032,0.522616,-0.978168,initial_heading_error,1.572032,1.065400,0.506632,False
97,Pass,Fail,fail,(obstacle_heading <= 0.2668 AND initial_heading_error <= 1.0664) OR (obstacle_heading <= 0.2668 AND initial_heading_error > 1.0664) OR (obstacle_heading > 0.2668 AND initial_heading_error > -0.9853),0.965303,1.270297,0.740401,1.572032,0.522616,-0.978168,obstacle_heading,-0.978168,0.267800,1.245968,False
98,Pass,Fail,fail,(obstacle_heading <= 0.2668 AND initial_heading_error <= 1.0664) OR (obstacle_heading <= 0.2668 AND initial_heading_error > 1.0664) OR (obstacle_heading > 0.2668 AND initial_heading_error > -0.9853),0.930162,1.039870,0.398872,-0.411848,0.475989,-0.213324,obstacle_heading,-0.213324,0.267800,0.481124,False
98,Pass,Fail,fail,(obstacle_heading <= 0.2668 AND initial_heading_error <= 1.0664) OR (obstacle_heading <= 0.2668 AND initial_heading_error > 1.0664) OR (obstacle_heading > 0.2668 AND initial_heading_error > -0.9853),0.930162,1.039870,0.398872,-0.411848,0.475989,-0.213324,obstacle_heading,-0.213324,0.267800,0.481124,False
98,Pass,Fail,fail,(obstacle_heading <= 0.2668 AND initial_heading_error <= 1.0664) OR (obstacle_heading <= 0.2668 AND initial_heading_error > 1.0664) OR (obstacle_heading > 0.2668 AND initial_heading_error > -0.9853),0.930162,1.039870,0.398872,-0.411848,0.475989,-0.213324,obstacle_heading,-0.213324,0.267800,0.481124,False
99,Pass,Fail,fail,(obstacle_heading <= 0.2668 AND initial_heading_error <= 1.0664) OR (obstacle_heading <= 0.2668 AND initial_heading_error > 1.0664) OR (obstacle_heading > 0.2668 AND initial_heading_error > -0.9853),2.000703,1.863379,0.686467,-0.624416,0.131453,-2.410291,initial_heading_error,-0.624416,-0.986300,0.361884,False
99,Pass,Fail,fail,(obstacle_heading <= 0.2668 AND initial_heading_error <= 1.0664) OR (obstacle_heading <= 0.2668 AND initial_heading_error > 1.0664) OR (obstacle_heading > 0.2668 AND initial_heading_error > -0.9853),2.000703,1.863379,0.686467,-0.624416,0.131453,-2.410291,initial_heading_error,-0.624416,1.067400,1.691816,False
99,Pass,Fail,fail,(obstacle_heading <= 0.2668 AND initial_heading_error <= 1.0664) OR (obstacle_heading <= 0.2668 AND initial_heading_error > 1.0664) OR (obstacle_heading > 0.2668 AND initial_heading_error > -0.9853),2.000703,1.863379,0.686467,-0.624416,0.131453,-2.410291,initial_heading_error,-0.624416,1.067400,1.691816,False
100,Pass,Fail,fail,(obstacle_heading <= 0.2668 AND initial_heading_error <= 1.0664) OR (obstacle_heading <= 0.2668 AND initial_heading_error > 1.0664) OR (obstacle_heading > 0.2668 AND initial_heading_error > -0.9853),2.344782,1.267189,0.363839,-1.495433,0.564863,0.010455,obstacle_heading,0.010455,0.267800,0.257345,True
100,Pass,Fail,fail,(obstacle_heading <= 0.2668 AND initial_heading_error <= 1.0664) OR (obstacle_heading <= 0.2668 AND initial_heading_error > 1.0664) OR (obstacle_heading > 0.2668 AND initial_heading_error > -0.9853),2.344782,1.267189,0.363839,-1.495433,0.564863,0.010455,obstacle_heading,0.010455,0.267800,0.257345,True
100,Pass,Fail,fail,(obstacle_heading <= 0.2668 AND initial_heading_error <= 1.0664) OR (obstacle_heading <= 0.2668 AND initial_heading_error > 1.0664) OR (obstacle_heading > 0.2668 AND initial_heading_error > -0.9853),2.344782,1.267189,0.363839,-1.495433,0.564863,0.010455,obstacle_heading,0.010455,0.267800,0.257345,True
101,Pass,Fail,fail,(obstacle_heading <= 0.2668 AND initial_heading_error <= 1.0664) OR (obstacle_heading <= 0.2668 AND initial_heading_error > 1.0664) OR (obstacle_heading > 0.2668 AND initial_heading_error > -0.9853),2.726045,0.729614,0.690158,-0.302823,0.516887,-2.079216,initial_heading_error,-0.302823,-0.986300,0.683477,False
101,Pass,Fail,fail,(obstacle_heading <= 0.2668 AND initial_heading_error <= 1.0664) OR (obstacle_heading <= 0.2668 AND initial_heading_error > 1.0664) OR (obstacle_heading > 0.2668 AND initial_heading_error > -0.9853),2.726045,0.729614,0.690158,-0.302823,0.516887,-2.079216,initial_heading_error,-0.302823,1.067400,1.370223,False
101,Pass,Fail,fail,(obstacle_heading <= 0.2668 AND initial_heading_error <= 1.0664) OR (obstacle_heading <= 0.2668 AND initial_heading_error > 1.0664) OR (obstacle_heading > 0.2668 AND initial_heading_error > -0.9853),2.726045,0.729614,0.690158,-0.302823,0.516887,-2.079216,initial_heading_error,-0.302823,1.067400,1.370223,False
102,Pass,Fail,fail,(obstacle_heading <= 0.2668 AND initial_heading_error <= 1.0664) OR (obstacle_heading <= 0.2668 AND initial_heading_error > 1.0664) OR (obstacle_heading > 0.2668 AND initial_heading_error > -0.9853),1.987213,0.203421,0.487461,-1.635202,0.816101,-2.279385,obstacle_heading,-2.279385,0.267800,2.547185,True
102,Pass,Fail,fail,(obstacle_heading <= 0.2668 AND initial_heading_error <= 1.0664) OR (obstacle_heading <= 0.2668 AND initial_heading_error > 1.0664) OR (obstacle_heading > 0.2668 AND initial_heading_error > -0.9853),1.987213,0.203421,0.487461,-1.635202,0.816101,-2.279385,obstacle_heading,-2.279385,0.267800,2.547185,True
102,Pass,Fail,fail,(obstacle_heading <= 0.2668 AND initial_heading_error <= 1.0664) OR (obstacle_heading <= 0.2668 AND initial_heading_error > 1.0664) OR (obstacle_heading > 0.2668 AND initial_heading_error > -0.9853),1.987213,0.203421,0.487461,-1.635202,0.816101,-2.279385,obstacle_heading,-2.279385,0.267800,2.547185,True
103,Pass,Fail,fail,(obstacle_heading <= 0.2668 AND initial_heading_error <= 1.0664) OR (obstacle_heading <= 0.2668 AND initial_heading_error > 1.0664) OR (obstacle_heading > 0.2668 AND initial_heading_error > -0.9853),1.856453,0.285739,0.542176,1.363806,0.597454,-1.290355,initial_heading_error,1.363806,1.065400,0.298406,False
103,Pass,Fail,fail,(obstacle_heading <= 0.2668 AND initial_heading_error <= 1.0664) OR (obstacle_heading <= 0.2668 AND initial_heading_error > 1.0664) OR (obstacle_heading > 0.2668 AND initial_heading_error > -0.9853),1.856453,0.285739,0.542176,1.363806,0.597454,-1.290355,initial_heading_error,1.363806,1.065400,0.298406,False
103,Pass,Fail,fail,(obstacle_heading <= 0.2668 AND initial_heading_error <= 1.0664) OR (obstacle_heading <= 0.2668 AND initial_heading_error > 1.0664) OR (obstacle_heading > 0.2668 AND initial_heading_error > -0.9853),1.856453,0.285739,0.542176,1.363806,0.597454,-1.290355,obstacle_heading,-1.290355,0.267800,1.558155,False
104,Pass,Fail,fail,(obstacle_heading <= 0.2668 AND initial_heading_error <= 1.0664) OR (obstacle_heading <= 0.2668 AND initial_heading_error > 1.0664) OR (obstacle_heading > 0.2668 AND initial_heading_error > -0.9853),2.219694,1.410041,0.790074,-0.788904,0.723426,-3.122195,initial_heading_error,-0.788904,-0.986300,0.197396,False
104,Pass,Fail,fail,(obstacle_heading <= 0.2668 AND initial_heading_error <= 1.0664) OR (obstacle_heading <= 0.2668 AND initial_heading_error > 1.0664) OR (obstacle_heading > 0.2668 AND initial_heading_error > -0.9853),2.219694,1.410041,0.790074,-0.788904,0.723426,-3.122195,initial_heading_error,-0.788904,1.067400,1.856304,False
104,Pass,Fail,fail,(obstacle_heading <= 0.2668 AND initial_heading_error <= 1.0664) OR (obstacle_heading <= 0.2668 AND initial_heading_error > 1.0664) OR (obstacle_heading > 0.2668 AND initial_heading_error > -0.9853),2.219694,1.410041,0.790074,-0.788904,0.723426,-3.122195,initial_heading_error,-0.788904,1.067400,1.856304,False
108,Pass,Fail,fail,(obstacle_heading <= 0.2668 AND initial_heading_error <= 1.0664) OR (obstacle_heading <= 0.2668 AND initial_heading_error > 1.0664) OR (obstacle_heading > 0.2668 AND initial_heading_error > -0.9853),1.600258,1.169417,0.567295,0.868501,0.480281,-2.144511,initial_heading_error,0.868501,1.067400,0.198899,False
108,Pass,Fail,fail,(obstacle_heading <= 0.2668 AND initial_heading_error <= 1.0664) OR (obstacle_heading <= 0.2668 AND initial_heading_error > 1.0664) OR (obstacle_heading > 0.2668 AND initial_heading_error > -0.9853),1.600258,1.169417,0.567295,0.868501,0.480281,-2.144511,initial_heading_error,0.868501,1.067400,0.198899,False
108,Pass,Fail,fail,(obstacle_heading <= 0.2668 AND initial_heading_error <= 1.0664) OR (obstacle_heading <= 0.2668 AND initial_heading_error > 1.0664) OR (obstacle_heading > 0.2668 AND initial_heading_error > -0.9853),1.600258,1.169417,0.567295,0.868501,0.480281,-2.144511,initial_heading_error,0.868501,-0.986300,1.854801,False
109,Pass,Fail,fail,(obstacle_heading <= 0.2668 AND initial_heading_error <= 1.0664) OR (obstacle_heading <= 0.2668 AND initial_heading_error > 1.0664) OR (obstacle_heading > 0.2668 AND initial_heading_error > -0.9853),2.151699,1.775912,0.500874,-0.841477,0.933947,-0.385975,initial_heading_error,-0.841477,-0.986300,0.144823,False
109,Pass,Fail,fail,(obstacle_heading <= 0.2668 AND initial_heading_error <= 1.0664) OR (obstacle_heading <= 0.2668 AND initial_heading_error > 1.0664) OR (obstacle_heading > 0.2668 AND initial_heading_error > -0.9853),2.151699,1.775912,0.500874,-0.841477,0.933947,-0.385975,obstacle_heading,-0.385975,0.267800,0.653775,False
109,Pass,Fail,fail,(obstacle_heading <= 0.2668 AND initial_heading_error <= 1.0664) OR (obstacle_heading <= 0.2668 AND initial_heading_error > 1.0664) OR (obstacle_heading > 0.2668 AND initial_heading_error > -0.9853),2.151699,1.775912,0.500874,-0.841477,0.933947,-0.385975,obstacle_heading,-0.385975,0.267800,0.653775,False
110,Pass,Fail,fail,(obstacle_heading <= 0.2668 AND initial_heading_error <= 1.0664) OR (obstacle_heading <= 0.2668 AND initial_heading_error > 1.0664) OR (obstacle_heading > 0.2668 AND initial_heading_error > -0.9853),1.647772,0.841049,0.609851,-0.260244,0.438525,-0.180314,obstacle_heading,-0.180314,0.267800,0.448114,False
110,Pass,Fail,fail,(obstacle_heading <= 0.2668 AND initial_heading_error <= 1.0664) OR (obstacle_heading <= 0.2668 AND initial_heading_error > 1.0664) OR (obstacle_heading > 0.2668 AND initial_heading_error > -0.9853),1.647772,0.841049,0.609851,-0.260244,0.438525,-0.180314,obstacle_heading,-0.180314,0.267800,0.448114,False
110,Pass,Fail,fail,(obstacle_heading <= 0.2668 AND initial_heading_error <= 1.0664) OR (obstacle_heading <= 0.2668 AND initial_heading_error > 1.0664) OR (obstacle_heading > 0.2668 AND initial_heading_error > -0.9853),1.647772,0.841049,0.609851,-0.260244,0.438525,-0.180314,obstacle_heading,-0.180314,0.267800,0.448114,False
111,Pass,Fail,fail,(obstacle_heading <= 0.2668 AND initial_heading_error <= 1.0664) OR (obstacle_heading <= 0.2668 AND initial_heading_error > 1.0664) OR (obstacle_heading > 0.2668 AND initial_heading_error > -0.9853),1.324052,1.555051,0.664935,0.023418,0.758415,-1.722033,initial_heading_error,0.023418,-0.986300,1.009718,False
111,Pass,Fail,fail,(obstacle_heading <= 0.2668 AND initial_heading_error <= 1.0664) OR (obstacle_heading <= 0.2668 AND initial_heading_error > 1.0664) OR (obstacle_heading > 0.2668 AND initial_heading_error > -0.9853),1.324052,1.555051,0.664935,0.023418,0.758415,-1.722033,initial_heading_error,0.023418,1.067400,1.043982,False
111,Pass,Fail,fail,(obstacle_heading <= 0.2668 AND initial_heading_error <= 1.0664) OR (obstacle_heading <= 0.2668 AND initial_heading_error > 1.0664) OR (obstacle_heading > 0.2668 AND initial_heading_error > -0.9853),1.324052,1.555051,0.664935,0.023418,0.758415,-1.722033,initial_heading_error,0.023418,1.067400,1.043982,False
112,Pass,Fail,fail,(obstacle_heading <= 0.2668 AND initial_heading_error <= 1.0664) OR (obstacle_heading <= 0.2668 AND initial_heading_error > 1.0664) OR (obstacle_heading > 0.2668 AND initial_heading_error > -0.9853),1.505667,1.315629,0.637923,-0.184551,0.735386,-1.393829,initial_heading_error,-0.184551,-0.986300,0.801749,False
112,Pass,Fail,fail,(obstacle_heading <= 0.2668 AND initial_heading_error <= 1.0664) OR (obstacle_heading <= 0.2668 AND initial_heading_error > 1.0664) OR (obstacle_heading > 0.2668 AND initial_heading_error > -0.9853),1.505667,1.315629,0.637923,-0.184551,0.735386,-1.393829,initial_heading_error,-0.184551,1.067400,1.251951,False
112,Pass,Fail,fail,(obstacle_heading <= 0.2668 AND initial_heading_error <= 1.0664) OR (obstacle_heading <= 0.2668 AND initial_heading_error > 1.0664) OR (obstacle_heading > 0.2668 AND initial_heading_error > -0.9853),1.505667,1.315629,0.637923,-0.184551,0.735386,-1.393829,initial_heading_error,-0.184551,1.067400,1.251951,False
115,Pass,Fail,fail,(obstacle_heading <= 0.2668 AND initial_heading_error <= 1.0664) OR (obstacle_heading <= 0.2668 AND initial_heading_error > 1.0664) OR (obstacle_heading > 0.2668 AND initial_heading_error > -0.9853),1.427928,0.142303,0.498628,-0.414639,0.699993,-0.153176,obstacle_heading,-0.153176,0.267800,0.420976,False
115,Pass,Fail,fail,(obstacle_heading <= 0.2668 AND initial_heading_error <= 1.0664) OR (obstacle_heading <= 0.2668 AND initial_heading_error > 1.0664) OR (obstacle_heading > 0.2668 AND initial_heading_error > -0.9853),1.427928,0.142303,0.498628,-0.414639,0.699993,-0.153176,obstacle_heading,-0.153176,0.267800,0.420976,False
115,Pass,Fail,fail,(obstacle_heading <= 0.2668 AND initial_heading_error <= 1.0664) OR (obstacle_heading <= 0.2668 AND initial_heading_error > 1.0664) OR (obstacle_heading > 0.2668 AND initial_heading_error > -0.9853),1.427928,0.142303,0.498628,-0.414639,0.699993,-0.153176,obstacle_heading,-0.153176,0.267800,0.420976,False
116,Pass,Fail,fail,(obstacle_heading <= 0.2668 AND initial_heading_error <= 1.0664) OR (obstacle_heading <= 0.2668 AND initial_heading_error > 1.0664) OR (obstacle_heading > 0.2668 AND initial_heading_error > -0.9853),2.982801,1.801201,0.654704,-0.709532,0.293068,-1.850232,initial_heading_error,-0.709532,-0.986300,0.276768,False
116,Pass,Fail,fail,(obstacle_heading <= 0.2668 AND initial_heading_error <= 1.0664) OR (obstacle_heading <= 0.2668 AND initial_heading_error > 1.0664) OR (obstacle_heading > 0.2668 AND initial_heading_error > -0.9853),2.982801,1.801201,0.654704,-0.709532,0.293068,-1.850232,initial_heading_error,-0.709532,1.067400,1.776932,False
116,Pass,Fail,fail,(obstacle_heading <= 0.2668 AND initial_heading_error <= 1.0664) OR (obstacle_heading <= 0.2668 AND initial_heading_error > 1.0664) OR (obstacle_heading > 0.2668 AND initial_heading_error > -0.9853),2.982801,1.801201,0.654704,-0.709532,0.293068,-1.850232,initial_heading_error,-0.709532,1.067400,1.776932,False
120,Pass,Fail,fail,(obstacle_heading <= 0.2668 AND initial_heading_error <= 1.0664) OR (obstacle_heading <= 0.2668 AND initial_heading_error > 1.0664) OR (obstacle_heading > 0.2668 AND initial_heading_error > -0.9853),0.957478,0.533108,0.376138,0.064283,0.767252,0.634950,initial_heading_error,0.064283,-0.986300,1.050583,True
125,Pass,Fail,fail,(obstacle_heading <= 0.2668 AND initial_heading_error <= 1.0664) OR (obstacle_heading <= 0.2668 AND initial_heading_error > 1.0664) OR (obstacle_heading > 0.2668 AND initial_heading_error > -0.9853),1.926513,0.738363,0.680222,1.099215,0.909268,-2.786068,initial_heading_error,1.099215,1.065400,0.033815,False
125,Pass,Fail,fail,(obstacle_heading <= 0.2668 AND initial_heading_error <= 1.0664) OR (obstacle_heading <= 0.2668 AND initial_heading_error > 1.0664) OR (obstacle_heading > 0.2668 AND initial_heading_error > -0.9853),1.926513,0.738363,0.680222,1.099215,0.909268,-2.786068,initial_heading_error,1.099215,1.065400,0.033815,False
125,Pass,Fail,fail,(obstacle_heading <= 0.2668 AND initial_heading_error <= 1.0664) OR (obstacle_heading <= 0.2668 AND initial_heading_error > 1.0664) OR (obstacle_heading > 0.2668 AND initial_heading_error > -0.9853),1.926513,0.738363,0.680222,1.099215,0.909268,-2.786068,initial_heading_error,1.099215,-0.986300,2.085515,False
126,Pass,Fail,fail,(obstacle_heading <= 0.2668 AND initial_heading_error <= 1.0664) OR (obstacle_heading <= 0.2668 AND initial_heading_error > 1.0664) OR (obstacle_heading > 0.2668 AND initial_heading_error > -0.9853),0.931767,0.674059,0.484040,-0.063158,0.469995,-2.100851,initial_heading_error,-0.063158,-0.986300,0.923142,False
126,Pass,Fail,fail,(obstacle_heading <= 0.2668 AND initial_heading_error <= 1.0664) OR (obstacle_heading <= 0.2668 AND initial_heading_error > 1.0664) OR (obstacle_heading > 0.2668 AND initial_heading_error > -0.9853),0.931767,0.674059,0.484040,-0.063158,0.469995,-2.100851,initial_heading_error,-0.063158,1.067400,1.130558,False
126,Pass,Fail,fail,(obstacle_heading <= 0.2668 AND initial_heading_error <= 1.0664) OR (obstacle_heading <= 0.2668 AND initial_heading_error > 1.0664) OR (obstacle_heading > 0.2668 AND initial_heading_error > -0.9853),0.931767,0.674059,0.484040,-0.063158,0.469995,-2.100851,initial_heading_error,-0.063158,1.067400,1.130558,False
127,Pass,Fail,fail,(obstacle_heading <= 0.2668 AND initial_heading_error <= 1.0664) OR (obstacle_heading <= 0.2668 AND initial_heading_error > 1.0664) OR (obstacle_heading > 0.2668 AND initial_heading_error > -0.9853),2.854496,0.879213,0.400383,-0.330659,0.114057,-2.179646,initial_heading_error,-0.330659,-0.986300,0.655641,False
127,Pass,Fail,fail,(obstacle_heading <= 0.2668 AND initial_heading_error <= 1.0664) OR (obstacle_heading <= 0.2668 AND initial_heading_error > 1.0664) OR (obstacle_heading > 0.2668 AND initial_heading_error > -0.9853),2.854496,0.879213,0.400383,-0.330659,0.114057,-2.179646,initial_heading_error,-0.330659,1.067400,1.398059,False
127,Pass,Fail,fail,(obstacle_heading <= 0.2668 AND initial_heading_error <= 1.0664) OR (obstacle_heading <= 0.2668 AND initial_heading_error > 1.0664) OR (obstacle_heading > 0.2668 AND initial_heading_error > -0.9853),2.854496,0.879213,0.400383,-0.330659,0.114057,-2.179646,initial_heading_error,-0.330659,1.067400,1.398059,False
129,Pass,Fail,fail,(obstacle_heading <= 0.2668 AND initial_heading_error <= 1.0664) OR (obstacle_heading <= 0.2668 AND initial_heading_error > 1.0664) OR (obstacle_heading > 0.2668 AND initial_heading_error > -0.9853),1.790181,1.952405,0.437987,0.449856,0.408799,2.996466,initial_heading_error,0.449856,-0.986300,1.436156,True
131,Pass,Fail,fail,(obstacle_heading <= 0.2668 AND initial_heading_error <= 1.0664) OR (obstacle_heading <= 0.2668 AND initial_heading_error > 1.0664) OR (obstacle_heading > 0.2668 AND initial_heading_error > -0.9853),1.369166,0.979328,0.893588,0.932257,0.278482,-2.162635,initial_heading_error,0.932257,1.067400,0.135143,False
131,Pass,Fail,fail,(obstacle_heading <= 0.2668 AND initial_heading_error <= 1.0664) OR (obstacle_heading <= 0.2668 AND initial_heading_error > 1.0664) OR (obstacle_heading > 0.2668 AND initial_heading_error > -0.9853),1.369166,0.979328,0.893588,0.932257,0.278482,-2.162635,initial_heading_error,0.932257,1.067400,0.135143,False
131,Pass,Fail,fail,(obstacle_heading <= 0.2668 AND initial_heading_error <= 1.0664) OR (obstacle_heading <= 0.2668 AND initial_heading_error > 1.0664) OR (obstacle_heading > 0.2668 AND initial_heading_error > -0.9853),1.369166,0.979328,0.893588,0.932257,0.278482,-2.162635,initial_heading_error,0.932257,-0.986300,1.918557,False
132,Pass,Fail,fail,(obstacle_heading <= 0.2668 AND initial_heading_error <= 1.0664) OR (obstacle_heading <= 0.2668 AND initial_heading_error > 1.0664) OR (obstacle_heading > 0.2668 AND initial_heading_error > -0.9853),2.630042,1.114418,0.831818,-0.801062,0.197012,-2.385977,initial_heading_error,-0.801062,-0.986300,0.185238,False
132,Pass,Fail,fail,(obstacle_heading <= 0.2668 AND initial_heading_error <= 1.0664) OR (obstacle_heading <= 0.2668 AND initial_heading_error > 1.0664) OR (obstacle_heading > 0.2668 AND initial_heading_error > -0.9853),2.630042,1.114418,0.831818,-0.801062,0.197012,-2.385977,initial_heading_error,-0.801062,1.067400,1.868462,False
132,Pass,Fail,fail,(obstacle_heading <= 0.2668 AND initial_heading_error <= 1.0664) OR (obstacle_heading <= 0.2668 AND initial_heading_error > 1.0664) OR (obstacle_heading > 0.2668 AND initial_heading_error > -0.9853),2.630042,1.114418,0.831818,-0.801062,0.197012,-2.385977,initial_heading_error,-0.801062,1.067400,1.868462,False
134,Pass,Fail,fail,(obstacle_heading <= 0.2668 AND initial_heading_error <= 1.0664) OR (obstacle_heading <= 0.2668 AND initial_heading_error > 1.0664) OR (obstacle_heading > 0.2668 AND initial_heading_error > -0.9853),1.279667,0.238598,0.820897,-1.581348,0.424104,-0.536645,obstacle_heading,-0.536645,0.267800,0.804445,True
134,Pass,Fail,fail,(obstacle_heading <= 0.2668 AND initial_heading_error <= 1.0664) OR (obstacle_heading <= 0.2668 AND initial_heading_error > 1.0664) OR (obstacle_heading > 0.2668 AND initial_heading_error > -0.9853),1.279667,0.238598,0.820897,-1.581348,0.424104,-0.536645,obstacle_heading,-0.536645,0.267800,0.804445,True
134,Pass,Fail,fail,(obstacle_heading <= 0.2668 AND initial_heading_error <= 1.0664) OR (obstacle_heading <= 0.2668 AND initial_heading_error > 1.0664) OR (obstacle_heading > 0.2668 AND initial_heading_error > -0.9853),1.279667,0.238598,0.820897,-1.581348,0.424104,-0.536645,obstacle_heading,-0.536645,0.267800,0.804445,True
135,Pass,Fail,fail,(obstacle_heading <= 0.2668 AND initial_heading_error <= 1.0664) OR (obstacle_heading <= 0.2668 AND initial_heading_error > 1.0664) OR (obstacle_heading > 0.2668 AND initial_heading_error > -0.9853),2.090017,1.675770,0.877618,1.001220,0.736956,-0.213626,initial_heading_error,1.001220,1.067400,0.066180,False
135,Pass,Fail,fail,(obstacle_heading <= 0.2668 AND initial_heading_error <= 1.0664) OR (obstacle_heading <= 0.2668 AND initial_heading_error > 1.0664) OR (obstacle_heading > 0.2668 AND initial_heading_error > -0.9853),2.090017,1.675770,0.877618,1.001220,0.736956,-0.213626,initial_heading_error,1.001220,1.067400,0.066180,False
135,Pass,Fail,fail,(obstacle_heading <= 0.2668 AND initial_heading_error <= 1.0664) OR (obstacle_heading <= 0.2668 AND initial_heading_error > 1.0664) OR (obstacle_heading > 0.2668 AND initial_heading_error > -0.9853),2.090017,1.675770,0.877618,1.001220,0.736956,-0.213626,obstacle_heading,-0.213626,0.267800,0.481426,False
137,Pass,Fail,fail,(obstacle_heading <= 0.2668 AND initial_heading_error <= 1.0664) OR (obstacle_heading <= 0.2668 AND initial_heading_error > 1.0664) OR (obstacle_heading > 0.2668 AND initial_heading_error > -0.9853),1.094095,2.176876,0.488741,-0.068898,0.881077,-0.265837,obstacle_heading,-0.265837,0.267800,0.533637,False
137,Pass,Fail,fail,(obstacle_heading <= 0.2668 AND initial_heading_error <= 1.0664) OR (obstacle_heading <= 0.2668 AND initial_heading_error > 1.0664) OR (obstacle_heading > 0.2668 AND initial_heading_error > -0.9853),1.094095,2.176876,0.488741,-0.068898,0.881077,-0.265837,obstacle_heading,-0.265837,0.267800,0.533637,False
137,Pass,Fail,fail,(obstacle_heading <= 0.2668 AND initial_heading_error <= 1.0664) OR (obstacle_heading <= 0.2668 AND initial_heading_error > 1.0664) OR (obstacle_heading > 0.2668 AND initial_heading_error > -0.9853),1.094095,2.176876,0.488741,-0.068898,0.881077,-0.265837,obstacle_heading,-0.265837,0.267800,0.533637,False
138,Pass,Fail,fail,(obstacle_heading <= 0.2668 AND initial_heading_error <= 1.0664) OR (obstacle_heading <= 0.2668 AND initial_heading_error > 1.0664) OR (obstacle_heading > 0.2668 AND initial_heading_error > -0.9853),2.216772,0.833065,0.610122,0.088717,0.818932,2.055169,initial_heading_error,0.088717,-0.986300,1.075017,True
143,Pass,Fail,fail,(obstacle_heading <= 0.2668 AND initial_heading_error <= 1.0664) OR (obstacle_heading <= 0.2668 AND initial_heading_error > 1.0664) OR (obstacle_heading > 0.2668 AND initial_heading_error > -0.9853),0.930206,0.409590,0.643550,-1.178399,0.236474,-2.510984,obstacle_heading,-2.510984,0.267800,2.778784,True
143,Pass,Fail,fail,(obstacle_heading <= 0.2668 AND initial_heading_error <= 1.0664) OR (obstacle_heading <= 0.2668 AND initial_heading_error > 1.0664) OR (obstacle_heading > 0.2668 AND initial_heading_error > -0.9853),0.930206,0.409590,0.643550,-1.178399,0.236474,-2.510984,obstacle_heading,-2.510984,0.267800,2.778784,True
143,Pass,Fail,fail,(obstacle_heading <= 0.2668 AND initial_heading_error <= 1.0664) OR (obstacle_heading <= 0.2668 AND initial_heading_error > 1.0664) OR (obstacle_heading > 0.2668 AND initial_heading_error > -0.9853),0.930206,0.409590,0.643550,-1.178399,0.236474,-2.510984,obstacle_heading,-2.510984,0.267800,2.778784,True
144,Pass,Fail,fail,(obstacle_heading <= 0.2668 AND initial_heading_error <= 1.0664) OR (obstacle_heading <= 0.2668 AND initial_heading_error > 1.0664) OR (obstacle_heading > 0.2668 AND initial_heading_error > -0.9853),1.002724,0.642516,0.658468,-0.419105,0.374922,1.454478,initial_heading_error,-0.419105,-0.986300,0.567195,True
145,Pass,Fail,fail,(obstacle_heading <= 0.2668 AND initial_heading_error <= 1.0664) OR (obstacle_heading <= 0.2668 AND initial_heading_error > 1.0664) OR (obstacle_heading > 0.2668 AND initial_heading_error > -0.9853),2.842195,0.489687,0.651158,-0.575471,0.016017,0.847998,initial_heading_error,-0.575471,-0.986300,0.410829,True
146,Pass,Fail,fail,(obstacle_heading <= 0.2668 AND initial_heading_error <= 1.0664) OR (obstacle_heading <= 0.2668 AND initial_heading_error > 1.0664) OR (obstacle_heading > 0.2668 AND initial_heading_error > -0.9853),2.334445,1.495503,0.354409,2.140235,0.640995,-1.652401,initial_heading_error,2.140235,1.065400,1.074835,False
146,Pass,Fail,fail,(obstacle_heading <= 0.2668 AND initial_heading_error <= 1.0664) OR (obstacle_heading <= 0.2668 AND initial_heading_error > 1.0664) OR (obstacle_heading > 0.2668 AND initial_heading_error > -0.9853),2.334445,1.495503,0.354409,2.140235,0.640995,-1.652401,initial_heading_error,2.140235,1.065400,1.074835,False
146,Pass,Fail,fail,(obstacle_heading <= 0.2668 AND initial_heading_error <= 1.0664) OR (obstacle_heading <= 0.2668 AND initial_heading_error > 1.0664) OR (obstacle_heading > 0.2668 AND initial_heading_error > -0.9853),2.334445,1.495503,0.354409,2.140235,0.640995,-1.652401,obstacle_heading,-1.652401,0.267800,1.920201,False
147,Pass,Fail,fail,(obstacle_heading <= 0.2668 AND initial_heading_error <= 1.0664) OR (obstacle_heading <= 0.2668 AND initial_heading_error > 1.0664) OR (obstacle_heading > 0.2668 AND initial_heading_error > -0.9853),2.673179,1.154978,0.821689,-2.205049,0.640547,-1.115420,obstacle_heading,-1.115420,0.267800,1.383220,True
147,Pass,Fail,fail,(obstacle_heading <= 0.2668 AND initial_heading_error <= 1.0664) OR (obstacle_heading <= 0.2668 AND initial_heading_error > 1.0664) OR (obstacle_heading > 0.2668 AND initial_heading_error > -0.9853),2.673179,1.154978,0.821689,-2.205049,0.640547,-1.115420,obstacle_heading,-1.115420,0.267800,1.383220,True
147,Pass,Fail,fail,(obstacle_heading <= 0.2668 AND initial_heading_error <= 1.0664) OR (obstacle_heading <= 0.2668 AND initial_heading_error > 1.0664) OR (obstacle_heading > 0.2668 AND initial_heading_error > -0.9853),2.673179,1.154978,0.821689,-2.205049,0.640547,-1.115420,obstacle_heading,-1.115420,0.267800,1.383220,True
148,Pass,Fail,fail,(obstacle_heading <= 0.2668 AND initial_heading_error <= 1.0664) OR (obstacle_heading <= 0.2668 AND initial_heading_error > 1.0664) OR (obstacle_heading > 0.2668 AND initial_heading_error > -0.9853),2.454772,0.516259,0.353234,-0.181425,0.173999,0.341763,initial_heading_error,-0.181425,-0.986300,0.804875,True
149,Pass,Fail,fail,(obstacle_heading <= 0.2668 AND initial_heading_error <= 1.0664) OR (obstacle_heading <= 0.2668 AND initial_heading_error > 1.0664) OR (obstacle_heading > 0.2668 AND initial_heading_error > -0.9853),1.237471,2.349253,0.721620,0.707170,0.082825,-1.699563,initial_heading_error,0.707170,1.067400,0.360230,False
149,Pass,Fail,fail,(obstacle_heading <= 0.2668 AND initial_heading_error <= 1.0664) OR (obstacle_heading <= 0.2668 AND initial_heading_error > 1.0664) OR (obstacle_heading > 0.2668 AND initial_heading_error > -0.9853),1.237471,2.349253,0.721620,0.707170,0.082825,-1.699563,initial_heading_error,0.707170,1.067400,0.360230,False
149,Pass,Fail,fail,(obstacle_heading <= 0.2668 AND initial_heading_error <= 1.0664) OR (obstacle_heading <= 0.2668 AND initial_heading_error > 1.0664) OR (obstacle_heading > 0.2668 AND initial_heading_error > -0.9853),1.237471,2.349253,0.721620,0.707170,0.082825,-1.699563,initial_heading_error,0.707170,-0.986300,1.693470,False
151,Pass,Fail,fail,(obstacle_heading <= 0.2668 AND initial_heading_error <= 1.0664) OR (obstacle_heading <= 0.2668 AND initial_heading_error > 1.0664) OR (obstacle_heading > 0.2668 AND initial_heading_error > -0.9853),2.048544,2.108769,0.551866,-1.355082,1.036856,-1.365775,obstacle_heading,-1.365775,0.267800,1.633575,True
151,Pass,Fail,fail,(obstacle_heading <= 0.2668 AND initial_heading_error <= 1.0664) OR (obstacle_heading <= 0.2668 AND initial_heading_error > 1.0664) OR (obstacle_heading > 0.2668 AND initial_heading_error > -0.9853),2.048544,2.108769,0.551866,-1.355082,1.036856,-1.365775,obstacle_heading,-1.365775,0.267800,1.633575,True
151,Pass,Fail,fail,(obstacle_heading <= 0.2668 AND initial_heading_error <= 1.0664) OR (obstacle_heading <= 0.2668 AND initial_heading_error > 1.0664) OR (obstacle_heading > 0.2668 AND initial_heading_error > -0.9853),2.048544,2.108769,0.551866,-1.355082,1.036856,-1.365775,obstacle_heading,-1.365775,0.267800,1.633575,True
152,Pass,Fail,fail,(obstacle_heading <= 0.2668 AND initial_heading_error <= 1.0664) OR (obstacle_heading <= 0.2668 AND initial_heading_error > 1.0664) OR (obstacle_heading > 0.2668 AND initial_heading_error > -0.9853),2.786004,1.260481,0.659455,-0.295908,0.190056,0.423572,initial_heading_error,-0.295908,-0.986300,0.690392,True
154,Pass,Fail,fail,(obstacle_heading <= 0.2668 AND initial_heading_error <= 1.0664) OR (obstacle_heading <= 0.2668 AND initial_heading_error > 1.0664) OR (obstacle_heading > 0.2668 AND initial_heading_error > -0.9853),2.434675,0.361775,0.623690,-0.372476,0.692806,-2.461303,initial_heading_error,-0.372476,-0.986300,0.613824,False
154,Pass,Fail,fail,(obstacle_heading <= 0.2668 AND initial_heading_error <= 1.0664) OR (obstacle_heading <= 0.2668 AND initial_heading_error > 1.0664) OR (obstacle_heading > 0.2668 AND initial_heading_error > -0.9853),2.434675,0.361775,0.623690,-0.372476,0.692806,-2.461303,initial_heading_error,-0.372476,1.067400,1.439876,False
154,Pass,Fail,fail,(obstacle_heading <= 0.2668 AND initial_heading_error <= 1.0664) OR (obstacle_heading <= 0.2668 AND initial_heading_error > 1.0664) OR (obstacle_heading > 0.2668 AND initial_heading_error > -0.9853),2.434675,0.361775,0.623690,-0.372476,0.692806,-2.461303,initial_heading_error,-0.372476,1.067400,1.439876,False
161,Pass,Fail,fail,(obstacle_heading <= 0.2668 AND initial_heading_error <= 1.0664) OR (obstacle_heading <= 0.2668 AND initial_heading_error > 1.0664) OR (obstacle_heading > 0.2668 AND initial_heading_error > -0.9853),2.921157,1.993425,0.559819,-3.020937,0.525022,-1.076581,obstacle_heading,-1.076581,0.267800,1.344381,True
161,Pass,Fail,fail,(obstacle_heading <= 0.2668 AND initial_heading_error <= 1.0664) OR (obstacle_heading <= 0.2668 AND initial_heading_error > 1.0664) OR (obstacle_heading > 0.2668 AND initial_heading_error > -0.9853),2.921157,1.993425,0.559819,-3.020937,0.525022,-1.076581,obstacle_heading,-1.076581,0.267800,1.344381,True
161,Pass,Fail,fail,(obstacle_heading <= 0.2668 AND initial_heading_error <= 1.0664) OR (obstacle_heading <= 0.2668 AND initial_heading_error > 1.0664) OR (obstacle_heading > 0.2668 AND initial_heading_error > -0.9853),2.921157,1.993425,0.559819,-3.020937,0.525022,-1.076581,obstacle_heading,-1.076581,0.267800,1.344381,True
162,Pass,Fail,fail,(obstacle_heading <= 0.2668 AND initial_heading_error <= 1.0664) OR (obstacle_heading <= 0.2668 AND initial_heading_error > 1.0664) OR (obstacle_heading > 0.2668 AND initial_heading_error > -0.9853),2.523249,2.309499,0.786240,1.879507,1.176121,-2.522078,initial_heading_error,1.879507,1.065400,0.814107,False
162,Pass,Fail,fail,(obstacle_heading <= 0.2668 AND initial_heading_error <= 1.0664) OR (obstacle_heading <= 0.2668 AND initial_heading_error > 1.0664) OR (obstacle_heading > 0.2668 AND initial_heading_error > -0.9853),2.523249,2.309499,0.786240,1.879507,1.176121,-2.522078,initial_heading_error,1.879507,1.065400,0.814107,False
162,Pass,Fail,fail,(obstacle_heading <= 0.2668 AND initial_heading_error <= 1.0664) OR (obstacle_heading <= 0.2668 AND initial_heading_error > 1.0664) OR (obstacle_heading > 0.2668 AND initial_heading_error > -0.9853),2.523249,2.309499,0.786240,1.879507,1.176121,-2.522078,obstacle_heading,-2.522078,0.267800,2.789878,False
164,Pass,Fail,fail,(obstacle_heading <= 0.2668 AND initial_heading_error <= 1.0664) OR (obstacle_heading <= 0.2668 AND initial_heading_error > 1.0664) OR (obstacle_heading > 0.2668 AND initial_heading_error > -0.9853),2.195422,2.030162,0.435103,-0.363061,0.421613,-2.621307,initial_heading_error,-0.363061,-0.986300,0.623239,False
164,Pass,Fail,fail,(obstacle_heading <= 0.2668 AND initial_heading_error <= 1.0664) OR (obstacle_heading <= 0.2668 AND initial_heading_error > 1.0664) OR (obstacle_heading > 0.2668 AND initial_heading_error > -0.9853),2.195422,2.030162,0.435103,-0.363061,0.421613,-2.621307,initial_heading_error,-0.363061,1.067400,1.430461,False
164,Pass,Fail,fail,(obstacle_heading <= 0.2668 AND initial_heading_error <= 1.0664) OR (obstacle_heading <= 0.2668 AND initial_heading_error > 1.0664) OR (obstacle_heading > 0.2668 AND initial_heading_error > -0.9853),2.195422,2.030162,0.435103,-0.363061,0.421613,-2.621307,initial_heading_error,-0.363061,1.067400,1.430461,False
168,Pass,Fail,fail,(obstacle_heading <= 0.2668 AND initial_heading_error <= 1.0664) OR (obstacle_heading <= 0.2668 AND initial_heading_error > 1.0664) OR (obstacle_heading > 0.2668 AND initial_heading_error > -0.9853),2.525276,1.943595,0.895344,2.211887,0.411183,0.348545,initial_heading_error,2.211887,-0.986300,3.198187,True
169,Pass,Fail,fail,(obstacle_heading <= 0.2668 AND initial_heading_error <= 1.0664) OR (obstacle_heading <= 0.2668 AND initial_heading_error > 1.0664) OR (obstacle_heading > 0.2668 AND initial_heading_error > -0.9853),2.022649,1.042731,0.689196,-2.282463,0.796429,-1.722960,obstacle_heading,-1.722960,0.267800,1.990760,True
169,Pass,Fail,fail,(obstacle_heading <= 0.2668 AND initial_heading_error <= 1.0664) OR (obstacle_heading <= 0.2668 AND initial_heading_error > 1.0664) OR (obstacle_heading > 0.2668 AND initial_heading_error > -0.9853),2.022649,1.042731,0.689196,-2.282463,0.796429,-1.722960,obstacle_heading,-1.722960,0.267800,1.990760,True
169,Pass,Fail,fail,(obstacle_heading <= 0.2668 AND initial_heading_error <= 1.0664) OR (obstacle_heading <= 0.2668 AND initial_heading_error > 1.0664) OR (obstacle_heading > 0.2668 AND initial_heading_error > -0.9853),2.022649,1.042731,0.689196,-2.282463,0.796429,-1.722960,obstacle_heading,-1.722960,0.267800,1.990760,True
173,Pass,Fail,fail,(obstacle_heading <= 0.2668 AND initial_heading_error <= 1.0664) OR (obstacle_heading <= 0.2668 AND initial_heading_error > 1.0664) OR (obstacle_heading > 0.2668 AND initial_heading_error > -0.9853),1.010582,1.871522,0.489151,-2.467392,0.949513,-0.591986,obstacle_heading,-0.591986,0.267800,0.859786,True
173,Pass,Fail,fail,(obstacle_heading <= 0.2668 AND initial_heading_error <= 1.0664) OR (obstacle_heading <= 0.2668 AND initial_heading_error > 1.0664) OR (obstacle_heading > 0.2668 AND initial_heading_error > -0.9853),1.010582,1.871522,0.489151,-2.467392,0.949513,-0.591986,obstacle_heading,-0.591986,0.267800,0.859786,True
173,Pass,Fail,fail,(obstacle_heading <= 0.2668 AND initial_heading_error <= 1.0664) OR (obstacle_heading <= 0.2668 AND initial_heading_error > 1.0664) OR (obstacle_heading > 0.2668 AND initial_heading_error > -0.9853),1.010582,1.871522,0.489151,-2.467392,0.949513,-0.591986,obstacle_heading,-0.591986,0.267800,0.859786,True
175,Pass,Fail,fail,(obstacle_heading <= 0.2668 AND initial_heading_error <= 1.0664) OR (obstacle_heading <= 0.2668 AND initial_heading_error > 1.0664) OR (obstacle_heading > 0.2668 AND initial_heading_error > -0.9853),2.568798,0.258083,0.551105,1.398380,0.378786,-0.585047,initial_heading_error,1.398380,1.065400,0.332980,False
175,Pass,Fail,fail,(obstacle_heading <= 0.2668 AND initial_heading_error <= 1.0664) OR (obstacle_heading <= 0.2668 AND initial_heading_error > 1.0664) OR (obstacle_heading > 0.2668 AND initial_heading_error > -0.9853),2.568798,0.258083,0.551105,1.398380,0.378786,-0.585047,initial_heading_error,1.398380,1.065400,0.332980,False
175,Pass,Fail,fail,(obstacle_heading <= 0.2668 AND initial_heading_error <= 1.0664) OR (obstacle_heading <= 0.2668 AND initial_heading_error > 1.0664) OR (obstacle_heading > 0.2668 AND initial_heading_error > -0.9853),2.568798,0.258083,0.551105,1.398380,0.378786,-0.585047,obstacle_heading,-0.585047,0.267800,0.852847,False
176,Pass,Fail,fail,(obstacle_heading <= 0.2668 AND initial_heading_error <= 1.0664) OR (obstacle_heading <= 0.2668 AND initial_heading_error > 1.0664) OR (obstacle_heading > 0.2668 AND initial_heading_error > -0.9853),1.201178,0.542708,0.568890,-0.483306,0.005577,-2.155825,initial_heading_error,-0.483306,-0.986300,0.502994,False
176,Pass,Fail,fail,(obstacle_heading <= 0.2668 AND initial_heading_error <= 1.0664) OR (obstacle_heading <= 0.2668 AND initial_heading_error > 1.0664) OR (obstacle_heading > 0.2668 AND initial_heading_error > -0.9853),1.201178,0.542708,0.568890,-0.483306,0.005577,-2.155825,initial_heading_error,-0.483306,1.067400,1.550706,False
176,Pass,Fail,fail,(obstacle_heading <= 0.2668 AND initial_heading_error <= 1.0664) OR (obstacle_heading <= 0.2668 AND initial_heading_error > 1.0664) OR (obstacle_heading > 0.2668 AND initial_heading_error > -0.9853),1.201178,0.542708,0.568890,-0.483306,0.005577,-2.155825,initial_heading_error,-0.483306,1.067400,1.550706,False
177,Pass,Fail,fail,(obstacle_heading <= 0.2668 AND initial_heading_error <= 1.0664) OR (obstacle_heading <= 0.2668 AND initial_heading_error > 1.0664) OR (obstacle_heading > 0.2668 AND initial_heading_error > -0.9853),2.762831,0.634730,0.637083,0.209138,1.174301,1.936783,initial_heading_error,0.209138,-0.986300,1.195438,True
178,Pass,Fail,fail,(obstacle_heading <= 0.2668 AND initial_heading_error <= 1.0664) OR (obstacle_heading <= 0.2668 AND initial_heading_error > 1.0664) OR (obstacle_heading > 0.2668 AND initial_heading_error > -0.9853),2.862032,0.660204,0.772639,1.038853,0.381279,-1.583690,initial_heading_error,1.038853,1.067400,0.028547,False
178,Pass,Fail,fail,(obstacle_heading <= 0.2668 AND initial_heading_error <= 1.0664) OR (obstacle_heading <= 0.2668 AND initial_heading_error > 1.0664) OR (obstacle_heading > 0.2668 AND initial_heading_error > -0.9853),2.862032,0.660204,0.772639,1.038853,0.381279,-1.583690,initial_heading_error,1.038853,1.067400,0.028547,False
178,Pass,Fail,fail,(obstacle_heading <= 0.2668 AND initial_heading_error <= 1.0664) OR (obstacle_heading <= 0.2668 AND initial_heading_error > 1.0664) OR (obstacle_heading > 0.2668 AND initial_heading_error > -0.9853),2.862032,0.660204,0.772639,1.038853,0.381279,-1.583690,obstacle_heading,-1.583690,0.267800,1.851490,False
180,Pass,Fail,fail,(obstacle_heading <= 0.2668 AND initial_heading_error <= 1.0664) OR (obstacle_heading <= 0.2668 AND initial_heading_error > 1.0664) OR (obstacle_heading > 0.2668 AND initial_heading_error > -0.9853),1.345820,0.696232,0.572868,-0.419308,0.071384,1.424010,initial_heading_error,-0.419308,-0.986300,0.566992,True
183,Pass,Fail,fail,(obstacle_heading <= 0.2668 AND initial_heading_error <= 1.0664) OR (obstacle_heading <= 0.2668 AND initial_heading_error > 1.0664) OR (obstacle_heading > 0.2668 AND initial_heading_error > -0.9853),1.646315,1.733039,0.467758,2.462143,0.698172,-1.192687,initial_heading_error,2.462143,1.065400,1.396743,False
183,Pass,Fail,fail,(obstacle_heading <= 0.2668 AND initial_heading_error <= 1.0664) OR (obstacle_heading <= 0.2668 AND initial_heading_error > 1.0664) OR (obstacle_heading > 0.2668 AND initial_heading_error > -0.9853),1.646315,1.733039,0.467758,2.462143,0.698172,-1.192687,initial_heading_error,2.462143,1.065400,1.396743,False
183,Pass,Fail,fail,(obstacle_heading <= 0.2668 AND initial_heading_error <= 1.0664) OR (obstacle_heading <= 0.2668 AND initial_heading_error > 1.0664) OR (obstacle_heading > 0.2668 AND initial_heading_error > -0.9853),1.646315,1.733039,0.467758,2.462143,0.698172,-1.192687,obstacle_heading,-1.192687,0.267800,1.460487,False
184,Pass,Fail,fail,(obstacle_heading <= 0.2668 AND initial_heading_error <= 1.0664) OR (obstacle_heading <= 0.2668 AND initial_heading_error > 1.0664) OR (obstacle_heading > 0.2668 AND initial_heading_error > -0.9853),1.358752,0.915184,0.417025,-1.788482,0.927815,-1.272566,obstacle_heading,-1.272566,0.267800,1.540366,True
184,Pass,Fail,fail,(obstacle_heading <= 0.2668 AND initial_heading_error <= 1.0664) OR (obstacle_heading <= 0.2668 AND initial_heading_error > 1.0664) OR (obstacle_heading > 0.2668 AND initial_heading_error > -0.9853),1.358752,0.915184,0.417025,-1.788482,0.927815,-1.272566,obstacle_heading,-1.272566,0.267800,1.540366,True
184,Pass,Fail,fail,(obstacle_heading <= 0.2668 AND initial_heading_error <= 1.0664) OR (obstacle_heading <= 0.2668 AND initial_heading_error > 1.0664) OR (obstacle_heading > 0.2668 AND initial_heading_error > -0.9853),1.358752,0.915184,0.417025,-1.788482,0.927815,-1.272566,obstacle_heading,-1.272566,0.267800,1.540366,True
185,Pass,Fail,fail,(obstacle_heading <= 0.2668 AND initial_heading_error <= 1.0664) OR (obstacle_heading <= 0.2668 AND initial_heading_error > 1.0664) OR (obstacle_heading > 0.2668 AND initial_heading_error > -0.9853),2.740515,0.459464,0.830274,-0.847419,0.182238,-1.343200,initial_heading_error,-0.847419,-0.986300,0.138881,False
185,Pass,Fail,fail,(obstacle_heading <= 0.2668 AND initial_heading_error <= 1.0664) OR (obstacle_heading <= 0.2668 AND initial_heading_error > 1.0664) OR (obstacle_heading > 0.2668 AND initial_heading_error > -0.9853),2.740515,0.459464,0.830274,-0.847419,0.182238,-1.343200,obstacle_heading,-1.343200,0.267800,1.611000,False
185,Pass,Fail,fail,(obstacle_heading <= 0.2668 AND initial_heading_error <= 1.0664) OR (obstacle_heading <= 0.2668 AND initial_heading_error > 1.0664) OR (obstacle_heading > 0.2668 AND initial_heading_error > -0.9853),2.740515,0.459464,0.830274,-0.847419,0.182238,-1.343200,obstacle_heading,-1.343200,0.267800,1.611000,False
186,Pass,Fail,fail,(obstacle_heading <= 0.2668 AND initial_heading_error <= 1.0664) OR (obstacle_heading <= 0.2668 AND initial_heading_error > 1.0664) OR (obstacle_heading > 0.2668 AND initial_heading_error > -0.9853),2.837050,0.451413,0.814717,-0.755702,0.783184,-1.953563,initial_heading_error,-0.755702,-0.986300,0.230598,False
186,Pass,Fail,fail,(obstacle_heading <= 0.2668 AND initial_heading_error <= 1.0664) OR (obstacle_heading <= 0.2668 AND initial_heading_error > 1.0664) OR (obstacle_heading > 0.2668 AND initial_heading_error > -0.9853),2.837050,0.451413,0.814717,-0.755702,0.783184,-1.953563,initial_heading_error,-0.755702,1.067400,1.823102,False
186,Pass,Fail,fail,(obstacle_heading <= 0.2668 AND initial_heading_error <= 1.0664) OR (obstacle_heading <= 0.2668 AND initial_heading_error > 1.0664) OR (obstacle_heading > 0.2668 AND initial_heading_error > -0.9853),2.837050,0.451413,0.814717,-0.755702,0.783184,-1.953563,initial_heading_error,-0.755702,1.067400,1.823102,False
187,Pass,Fail,fail,(obstacle_heading <= 0.2668 AND initial_heading_error <= 1.0664) OR (obstacle_heading <= 0.2668 AND initial_heading_error > 1.0664) OR (obstacle_heading > 0.2668 AND initial_heading_error > -0.9853),1.720759,0.934833,0.512542,2.771821,1.102844,-2.035219,initial_heading_error,2.771821,1.065400,1.706421,False
187,Pass,Fail,fail,(obstacle_heading <= 0.2668 AND initial_heading_error <= 1.0664) OR (obstacle_heading <= 0.2668 AND initial_heading_error > 1.0664) OR (obstacle_heading > 0.2668 AND initial_heading_error > -0.9853),1.720759,0.934833,0.512542,2.771821,1.102844,-2.035219,initial_heading_error,2.771821,1.065400,1.706421,False
187,Pass,Fail,fail,(obstacle_heading <= 0.2668 AND initial_heading_error <= 1.0664) OR (obstacle_heading <= 0.2668 AND initial_heading_error > 1.0664) OR (obstacle_heading > 0.2668 AND initial_heading_error > -0.9853),1.720759,0.934833,0.512542,2.771821,1.102844,-2.035219,obstacle_heading,-2.035219,0.267800,2.303019,False
188,Pass,Fail,fail,(obstacle_heading <= 0.2668 AND initial_heading_error <= 1.0664) OR (obstacle_heading <= 0.2668 AND initial_heading_error > 1.0664) OR (obstacle_heading > 0.2668 AND initial_heading_error > -0.9853),1.918167,2.253822,0.742399,-0.406931,0.148569,-2.009442,initial_heading_error,-0.406931,-0.986300,0.579369,False
188,Pass,Fail,fail,(obstacle_heading <= 0.2668 AND initial_heading_error <= 1.0664) OR (obstacle_heading <= 0.2668 AND initial_heading_error > 1.0664) OR (obstacle_heading > 0.2668 AND initial_heading_error > -0.9853),1.918167,2.253822,0.742399,-0.406931,0.148569,-2.009442,initial_heading_error,-0.406931,1.067400,1.474331,False
188,Pass,Fail,fail,(obstacle_heading <= 0.2668 AND initial_heading_error <= 1.0664) OR (obstacle_heading <= 0.2668 AND initial_heading_error > 1.0664) OR (obstacle_heading > 0.2668 AND initial_heading_error > -0.9853),1.918167,2.253822,0.742399,-0.406931,0.148569,-2.009442,initial_heading_error,-0.406931,1.067400,1.474331,False
190,Pass,Fail,fail,(obstacle_heading <= 0.2668 AND initial_heading_error <= 1.0664) OR (obstacle_heading <= 0.2668 AND initial_heading_error > 1.0664) OR (obstacle_heading > 0.2668 AND initial_heading_error > -0.9853),1.434440,2.384399,0.594929,0.287731,1.145284,1.245321,initial_heading_error,0.287731,-0.986300,1.274031,True
194,Pass,Fail,fail,(obstacle_heading <= 0.2668 AND initial_heading_error <= 1.0664) OR (obstacle_heading <= 0.2668 AND initial_heading_error > 1.0664) OR (obstacle_heading > 0.2668 AND initial_heading_error > -0.9853),2.391297,0.430803,0.521552,-0.486556,1.111862,-2.789636,initial_heading_error,-0.486556,-0.986300,0.499744,False
194,Pass,Fail,fail,(obstacle_heading <= 0.2668 AND initial_heading_error <= 1.0664) OR (obstacle_heading <= 0.2668 AND initial_heading_error > 1.0664) OR (obstacle_heading > 0.2668 AND initial_heading_error > -0.9853),2.391297,0.430803,0.521552,-0.486556,1.111862,-2.789636,initial_heading_error,-0.486556,1.067400,1.553956,False
194,Pass,Fail,fail,(obstacle_heading <= 0.2668 AND initial_heading_error <= 1.0664) OR (obstacle_heading <= 0.2668 AND initial_heading_error > 1.0664) OR (obstacle_heading > 0.2668 AND initial_heading_error > -0.9853),2.391297,0.430803,0.521552,-0.486556,1.111862,-2.789636,initial_heading_error,-0.486556,1.067400,1.553956,False
195,Pass,Fail,fail,(obstacle_heading <= 0.2668 AND initial_heading_error <= 1.0664) OR (obstacle_heading <= 0.2668 AND initial_heading_error > 1.0664) OR (obstacle_heading > 0.2668 AND initial_heading_error > -0.9853),1.657865,0.565228,0.649642,-0.976800,0.889532,-1.073806,initial_heading_error,-0.976800,-0.986300,0.009500,False
195,Pass,Fail,fail,(obstacle_heading <= 0.2668 AND initial_heading_error <= 1.0664) OR (obstacle_heading <= 0.2668 AND initial_heading_error > 1.0664) OR (obstacle_heading > 0.2668 AND initial_heading_error > -0.9853),1.657865,0.565228,0.649642,-0.976800,0.889532,-1.073806,obstacle_heading,-1.073806,0.267800,1.341606,False
195,Pass,Fail,fail,(obstacle_heading <= 0.2668 AND initial_heading_error <= 1.0664) OR (obstacle_heading <= 0.2668 AND initial_heading_error > 1.0664) OR (obstacle_heading > 0.2668 AND initial_heading_error > -0.9853),1.657865,0.565228,0.649642,-0.976800,0.889532,-1.073806,obstacle_heading,-1.073806,0.267800,1.341606,False
196,Pass,Fail,fail,(obstacle_heading <= 0.2668 AND initial_heading_error <= 1.0664) OR (obstacle_heading <= 0.2668 AND initial_heading_error > 1.0664) OR (obstacle_heading > 0.2668 AND initial_heading_error > -0.9853),1.732088,0.366484,0.558566,-2.989225,0.827740,-0.413459,obstacle_heading,-0.413459,0.267800,0.681259,True
196,Pass,Fail,fail,(obstacle_heading <= 0.2668 AND initial_heading_error <= 1.0664) OR (obstacle_heading <= 0.2668 AND initial_heading_error > 1.0664) OR (obstacle_heading > 0.2668 AND initial_heading_error > -0.9853),1.732088,0.366484,0.558566,-2.989225,0.827740,-0.413459,obstacle_heading,-0.413459,0.267800,0.681259,True
196,Pass,Fail,fail,(obstacle_heading <= 0.2668 AND initial_heading_error <= 1.0664) OR (obstacle_heading <= 0.2668 AND initial_heading_error > 1.0664) OR (obstacle_heading > 0.2668 AND initial_heading_error > -0.9853),1.732088,0.366484,0.558566,-2.989225,0.827740,-0.413459,obstacle_heading,-0.413459,0.267800,0.681259,True
197,Pass,Fail,fail,(obstacle_heading <= 0.2668 AND initial_heading_error <= 1.0664) OR (obstacle_heading <= 0.2668 AND initial_heading_error > 1.0664) OR (obstacle_heading > 0.2668 AND initial_heading_error > -0.9853),2.690666,0.989713,0.856716,0.286676,0.959935,2.996202,initial_heading_error,0.286676,-0.986300,1.272976,True
198,Pass,Fail,fail,(obstacle_heading <= 0.2668 AND initial_heading_error <= 1.0664) OR (obstacle_heading <= 0.2668 AND initial_heading_error > 1.0664) OR (obstacle_heading > 0.2668 AND initial_heading_error > -0.9853),2.405261,2.320367,0.882210,-0.582876,0.297902,-2.392948,initial_heading_error,-0.582876,-0.986300,0.403424,False
198,Pass,Fail,fail,(obstacle_heading <= 0.2668 AND initial_heading_error <= 1.0664) OR (obstacle_heading <= 0.2668 AND initial_heading_error > 1.0664) OR (obstacle_heading > 0.2668 AND initial_heading_error > -0.9853),2.405261,2.320367,0.882210,-0.582876,0.297902,-2.392948,initial_heading_error,-0.582876,1.067400,1.650276,False
198,Pass,Fail,fail,(obstacle_heading <= 0.2668 AND initial_heading_error <= 1.0664) OR (obstacle_heading <= 0.2668 AND initial_heading_error > 1.0664) OR (obstacle_heading > 0.2668 AND initial_heading_error > -0.9853),2.405261,2.320367,0.882210,-0.582876,0.297902,-2.392948,initial_heading_error,-0.582876,1.067400,1.650276,False
